stage,model,gd,tau,gap,graph,pulse_s,amplitude_A_m2,restore_s,end_s,dose,id,peak_mV,time_peak_s,positive_area_mV_s,positive_centroid_s,final_mean_mV,final_max_departure_mV,target_ever_fraction,target_final_fraction,first_target_crossing_s,final_dv_max_V_s,final_gate_derivative_max_s_inv,net_cut_charge_effective_C_m2,positive_cut_charge_effective_C_m2,junction_sum_max_A_m2,nfev,method,rtol,atol,gate_min,gate_max,amplitude_factor,numerical_correction,strategy,budget_edges,added_weight
temporal,kv,0.0,0.0148,1.0,original,0.001,0.1,0.2,1.0,equal_charge,case0000,0.020383167447700357,0.004,0.0002705690463639769,0.010272420985673556,2.0816681711721685e-14,1.4155343563970746e-12,0.0,0.0,,1.2885309139121226e-12,1.8659998471318086e-13,3.213592224576566e-05,3.231835399027429e-05,2.130240428499519e-15,3120,DOP853,1e-08,1e-10,0.026572228058196125,0.028302272987089594,,,,,
temporal,kv,0.0,0.0148,1.0,original,0.001,0.02,0.2,1.0,equal_current,case0001,0.00407844278673547,0.004,5.4252950772003955e-05,0.010297845394094405,2.0816681711721685e-14,1.2073675392798577e-12,0.0,0.0,,1.1017662476797696e-12,1.5682837911195728e-13,6.442434436951096e-06,6.475043544782049e-06,2.130240428499519e-15,3105,DOP853,1e-08,1e-10,0.026572230348118477,0.026881309662495672,,,,,
temporal,kv,0.0,0.0148,1.0,original,0.01,0.01,0.2,1.0,equal_charge,case0002,0.016929386752323472,0.011,0.0002709075699162261,0.014775650924026785,2.7755575615628914e-14,1.457167719820518e-12,0.0,0.0,,1.2778406804914155e-12,1.8917862771801126e-13,3.219103196011184e-05,3.235031524553643e-05,2.130240428499519e-15,3174,DOP853,1e-08,1e-10,0.026572228205606167,0.02800667422895276,,,,,
temporal,kv,0.0,0.0148,1.0,original,0.01,0.02,0.2,1.0,equal_current,case0003,0.03383866034420424,0.011,0.0005409573103160627,0.014760196857547704,6.938893903907228e-15,1.6445178552260131e-12,0.0,0.0,,1.4597914890779329e-12,2.1426179149227048e-13,6.430035951869353e-05,6.463627272990859e-05,2.130240428499519e-15,3189,DOP853,1e-08,1e-10,0.02657222539184043,0.029585962076722053,,,,,
temporal,kv,0.0,0.0148,1.0,original,0.1,0.001,0.2,1.0,equal_charge,case0004,0.0027134170474882313,0.043000000000000003,0.00026890819173206945,0.05945232583951295,2.0816681711721685e-14,1.6792123247455493e-12,0.0,0.0,,1.5802680344845221e-12,2.2504520769428847e-13,3.222235903592498e-05,3.226420754839281e-05,2.130240428499519e-15,3144,DOP853,1e-08,1e-10,0.02657222996165006,0.026897794806153185,,,,,
temporal,kv,0.0,0.0148,1.0,original,0.1,0.02,0.2,1.0,equal_current,case0005,0.05394030688163354,0.042,0.005343573096567403,0.05937415511468673,1.3877787807814457e-14,1.2975731600306517e-12,0.0,0.0,,1.2030307305899157e-12,1.7300350341498426e-13,0.0006415947491883596,0.0006425416546586376,2.130240428499519e-15,3204,DOP853,1e-08,1e-10,0.026572211122554246,0.03383164195711997,,,,,
temporal,kv,0.0,0.0148,1.0,interface_10pct,0.001,0.1,0.2,1.0,equal_charge,case0006,0.00366894594100442,0.006,6.452346644705148e-05,0.01285427439015669,1.3877787807814457e-14,2.275957200481571e-12,0.0,0.0,,2.1047183093592103e-12,3.0521756293537876e-13,7.6406680059196e-06,7.707589206813606e-06,1.7728873924482969e-15,3093,DOP853,1e-08,1e-10,0.026572226453088228,0.028784772795972108,,,,,
temporal,kv,0.0,0.0148,1.0,interface_10pct,0.001,0.02,0.2,1.0,equal_current,case0007,0.0007344205136330939,0.006,1.2949396880328895e-05,0.01288937753428531,4.85722573273506e-14,1.6375789613221059e-12,0.0,0.0,,1.4127804828789614e-12,2.2012234377597593e-13,1.5339490428174216e-06,1.5464547772020943e-06,1.7728873924482969e-15,3078,DOP853,1e-08,1e-10,0.026572230058131304,0.026964667374286877,,,,,
temporal,kv,0.0,0.0148,1.0,interface_10pct,0.01,0.01,0.2,1.0,equal_charge,case0008,0.0033547829788108108,0.012,6.462998628473798e-05,0.01736002541719369,1.3877787807814457e-14,1.3808398868775384e-12,0.0,0.0,,1.2487623782253543e-12,1.8261480916026117e-13,7.658732021928085e-06,7.720289942865938e-06,1.7728873924482974e-15,3120,DOP853,1e-08,1e-10,0.026572226729897907,0.02844316118174336,,,,,
temporal,kv,0.0,0.0148,1.0,interface_10pct,0.01,0.02,0.2,1.0,equal_current,case0009,0.006704138216052924,0.012,0.00012896251367751355,0.017336728606362536,-1.3877787807814457e-14,1.5681900222830336e-12,0.0,0.0,,1.4559100453004348e-12,2.048849078383418e-13,1.5279688571433166e-05,1.540782763960327e-05,1.7728873924482974e-15,3135,DOP853,1e-08,1e-10,0.02657222222664321,0.030559356682955077,,,,,
temporal,kv,0.0,0.0148,1.0,interface_10pct,0.1,0.001,0.2,1.0,equal_charge,case0010,0.0006476942989164236,0.047,6.408942013226213e-05,0.061969107634266066,6.938893903907228e-15,1.3253287356462806e-12,0.0,0.0,,1.2170169386149787e-12,1.7933289988138613e-13,7.672502046891773e-06,7.690461959749763e-06,1.7728873924482974e-15,3090,DOP853,1e-08,1e-10,0.026572229469801537,0.027002030931770584,,,,,
temporal,kv,0.0,0.0148,1.0,interface_10pct,0.1,0.02,0.2,1.0,equal_current,case0011,0.012839223516414311,0.046,0.0012698186156778792,0.061852711150478606,4.85722573273506e-14,1.5612511283791264e-12,0.0,0.0,,1.3397269404968881e-12,2.0746355084317218e-13,0.00015205198602735517,0.00015244775015482254,1.7728873924482974e-15,3150,DOP853,1e-08,1e-10,0.026572199052340772,0.03647216680133,,,,,
temporal,kv,0.0,0.0148,1.0,independent32_seed11,0.001,0.1,0.2,1.0,equal_charge,case0012,0.020332878438347746,0.004,0.00026795183878057863,0.010236404690857364,6.938893903907228e-15,1.6237011735142914e-12,0.0,0.0,,1.423427348212769e-12,2.198879216846277e-13,3.182855325293624e-05,3.199573709984749e-05,2.520101088149878e-15,3108,DOP853,1e-08,1e-10,0.026572227895210344,0.028302388147670752,,,,,
temporal,kv,0.0,0.0148,1.0,independent32_seed11,0.001,0.02,0.2,1.0,equal_current,case0013,0.004068384301052219,0.004,5.3728615707595434e-05,0.010261949429654065,2.0816681711721685e-14,1.2628786905111156e-12,0.0,0.0,,1.1038695998943915e-12,1.6690852903993062e-13,6.380785009961846e-06,6.4105873633218065e-06,2.520101088149878e-15,3105,DOP853,1e-08,1e-10,0.026572230316788202,0.026881331116724905,,,,,
temporal,kv,0.0,0.0148,1.0,independent32_seed11,0.01,0.01,0.2,1.0,equal_charge,case0014,0.016820172811744805,0.011,0.00026828806683427617,0.014739716615469635,6.938893903907228e-15,1.0685896612017132e-12,0.0,0.0,,9.80270552231044e-13,1.3971556644353742e-13,3.188306695838241e-05,3.2029130258515746e-05,2.520101088149878e-15,3174,DOP853,1e-08,1e-10,0.026572228050401936,0.028007307328003023,,,,,
temporal,kv,0.0,0.0148,1.0,independent32_seed11,0.01,0.02,0.2,1.0,equal_current,case0015,0.03362023845607243,0.011,0.0005357212937161585,0.01472412927588374,2.7755575615628914e-14,1.124100812432971e-12,0.0,0.0,,1.0095440108881526e-12,1.4909245009746612e-13,6.368544569881798e-05,6.39941809203002e-05,2.520101088149878e-15,3150,DOP853,1e-08,1e-10,0.02657222507213798,0.029587344109948874,,,,,
temporal,kv,0.0,0.0148,1.0,independent32_seed11,0.1,0.001,0.2,1.0,equal_charge,case0016,0.002687190399620898,0.043000000000000003,0.0002663269128181031,0.05941831667835327,-4.163336342344337e-14,1.4363510381087963e-12,0.0,0.0,,1.3006522942005105e-12,1.8636556262183264e-13,3.1913977551774735e-05,3.195307066891646e-05,2.520101088149878e-15,3144,DOP853,1e-08,1e-10,0.026572229904180657,0.02689844237989199,,,,,
temporal,kv,0.0,0.0148,1.0,independent32_seed11,0.1,0.02,0.2,1.0,equal_current,case0017,0.05341559531120421,0.042,0.005291939670020579,0.05933909847933523,6.938893903907228e-15,1.6375789613221059e-12,0.0,0.0,,1.4710671916717821e-12,2.2012234377597593e-13,0.0006354572628423506,0.0006363464967114842,2.520101088149878e-15,3150,DOP853,1e-08,1e-10,0.026572209361825673,0.03384746730672486,,,,,
temporal,kv,0.0,0.0148,1.0,independent32_seed22,0.001,0.1,0.2,1.0,equal_charge,case0018,0.020382960634800218,0.004,0.00027045637571256054,0.0102670062412799,1.3877787807814457e-14,1.519617764955683e-12,0.0,0.0,,1.359177527471278e-12,1.9902435555463636e-13,3.21225615633e-05,3.230808462473879e-05,2.692815932105147e-15,3120,DOP853,1e-08,1e-10,0.026572227794887097,0.028302330711665803,,,,,
temporal,kv,0.0,0.0148,1.0,independent32_seed22,0.001,0.02,0.2,1.0,equal_current,case0019,0.004078401949950128,0.004,5.4230714539946906e-05,0.010292514646013398,2.0816681711721685e-14,1.2004286453759505e-12,0.0,0.0,,1.1211734665672601e-12,1.5589069074656442e-13,6.439748401546889e-06,6.4729095034586384e-06,2.692815932105147e-15,3105,DOP853,1e-08,1e-10,0.026572230298105327,0.02688132041794725,,,,,
temporal,kv,0.0,0.0148,1.0,independent32_seed22,0.01,0.01,0.2,1.0,equal_charge,case0020,0.016928344712681398,0.011,0.0002707949317674978,0.01477025686620403,2.0816681711721685e-14,1.3739009929736312e-12,0.0,0.0,,1.2808330784874755e-12,1.7933289988138613e-13,3.217763041415211e-05,3.233951123144754e-05,2.6928159321051457e-15,3174,DOP853,1e-08,1e-10,0.0265722279571862,0.02800699273350293,,,,,
temporal,kv,0.0,0.0148,1.0,independent32_seed22,0.01,0.02,0.2,1.0,equal_current,case0021,0.03383653586006008,0.011,0.0005407282340589951,0.0147547058236252,3.469446951953614e-14,1.5959455978986625e-12,0.0,0.0,,1.4503155620904096e-12,2.102766159393508e-13,6.427364745693275e-05,6.46147104013183e-05,2.6928159321051457e-15,3189,DOP853,1e-08,1e-10,0.026572224877992105,0.029586657312158343,,,,,
temporal,kv,0.0,0.0148,1.0,independent32_seed22,0.1,0.001,0.2,1.0,equal_charge,case0022,0.002712303259662374,0.043000000000000003,0.0002687957685321603,0.059446939790574325,6.938893903907228e-15,1.3739009929736312e-12,0.0,0.0,,1.2216790079566664e-12,1.8144269870352008e-13,3.220891406558775e-05,3.225117896292937e-05,2.6928159321051457e-15,3144,DOP853,1e-08,1e-10,0.026572229892134116,0.02689812664521807,,,,,
temporal,kv,0.0,0.0148,1.0,independent32_seed22,0.1,0.02,0.2,1.0,equal_current,case0023,0.05391603089800051,0.042,0.005341081925152108,0.059368017853806326,6.938893903907228e-15,1.4918621893400541e-12,0.0,0.0,,1.3624518180321843e-12,1.9738340091519884e-13,0.0006413266357265972,0.0006422832878658987,2.6928159321051457e-15,3204,DOP853,1e-08,1e-10,0.026572209541432232,0.033839751729698664,,,,,
temporal,kv,0.0,0.0148,1.0,independent32_seed33,0.001,0.1,0.2,1.0,equal_charge,case0024,0.020379292135414007,0.004,0.00027036597404623067,0.010272576630307704,2.0816681711721685e-14,1.880440247958859e-12,0.0,0.0,,1.6938490540741036e-12,2.4778415055506556e-13,3.211212861581612e-05,3.229098528517784e-05,2.749658861902435e-15,3108,DOP853,1e-08,1e-10,0.026572227860363517,0.028304602409884798,,,,,
temporal,kv,0.0,0.0148,1.0,independent32_seed33,0.001,0.02,0.2,1.0,equal_current,case0025,0.004077668719563998,0.004,5.421284946946492e-05,0.010298139089070209,-6.938893903907228e-15,1.4502288259166107e-12,0.0,0.0,,1.4020035132844555e-12,1.9761782300654708e-13,6.437737224480168e-06,6.469735598401614e-06,2.749658861902435e-15,3105,DOP853,1e-08,1e-10,0.02657223031009627,0.026881734193678675,,,,,
temporal,kv,0.0,0.0148,1.0,independent32_seed33,0.01,0.01,0.2,1.0,equal_charge,case0026,0.016918303122108458,0.011,0.000270704417126337,0.014775801086061026,1.3877787807814457e-14,1.582067810090848e-12,0.0,0.0,,1.4488410471358293e-12,2.088700833912615e-13,3.216723479530324e-05,3.232356096084685e-05,2.7496588619024343e-15,3174,DOP853,1e-08,1e-10,0.0265722280171016,0.028010859725448516,,,,,
temporal,kv,0.0,0.0148,1.0,independent32_seed33,0.01,0.02,0.2,1.0,equal_current,case0027,0.03381641190559198,0.011,0.0005405439214183141,0.014760171673123651,-1.3877787807814457e-14,1.1379786002407855e-12,0.0,0.0,,1.0463418326223106e-12,1.5073340473690365e-13,6.425196023326265e-05,6.458219215910123e-05,2.7496588619024343e-15,3150,DOP853,1e-08,1e-10,0.026572225003671235,0.029595142156733534,,,,,
temporal,kv,0.0,0.0148,1.0,independent32_seed33,0.1,0.001,0.2,1.0,equal_charge,case0028,0.0027114090845742345,0.043000000000000003,0.000268711007081264,0.05945266153702292,1.3877787807814457e-14,1.2351231148954867e-12,0.0,0.0,,1.0541264042207565e-12,1.596414442081359e-13,3.219883968420787e-05,3.224011232118057e-05,2.7496588619024343e-15,3144,DOP853,1e-08,1e-10,0.0265722298892369,0.02689949113950382,,,,,
temporal,kv,0.0,0.0148,1.0,independent32_seed33,0.1,0.02,0.2,1.0,equal_current,case0029,0.05389631454154331,0.042,0.005339210569282267,0.05937320969510521,2.0816681711721685e-14,1.3530843112619095e-12,0.0,0.0,,1.2186866099606064e-12,1.80270588246779e-13,0.0006410831373510931,0.0006420192330327088,2.7496588619024343e-15,3150,DOP853,1e-08,1e-10,0.02657220960757486,0.033873188403985593,,,,,
temporal,kv,0.0,0.0148,1.0,cut,0.001,0.1,0.2,1.0,equal_charge,case0030,1.8041124150158794e-13,0.839,1.6021906024121787e-14,0.5797721957557385,1.3877787807814457e-14,1.8596235662471372e-12,0.0,0.0,,1.6980557585033473e-12,2.435645529107976e-13,-1.519235556801668e-12,5.730714514040614e-15,1.915134717478395e-15,3093,DOP853,1e-08,1e-10,0.026572225119073662,0.028871516366675475,,,,,
temporal,kv,0.0,0.0148,1.0,cut,0.001,0.02,0.2,1.0,equal_current,case0031,1.942890293094024e-13,0.919,1.45473910695415e-14,0.5901860243262582,2.0816681711721685e-14,1.2004286453759505e-12,0.0,0.0,,1.0975161751636264e-12,1.5659395702060907e-13,-2.9157529168877266e-13,5.310377138023625e-15,1.915134717478395e-15,3078,DOP853,1e-08,1e-10,0.02657222981586437,0.026979330443407966,,,,,
temporal,kv,0.0,0.0148,1.0,cut,0.01,0.01,0.2,1.0,equal_charge,case0032,1.5959455978986625e-13,0.449,1.502270530195915e-14,0.5808009237875288,-1.3877787807814457e-14,1.6861512186494565e-12,0.0,0.0,,1.4865279146514254e-12,2.2645174024237778e-13,-2.2116640394087562e-12,4.4617295968940614e-15,1.915134717478395e-15,3120,DOP853,1e-08,1e-10,0.02657222550685304,0.02852409979266736,,,,,
temporal,kv,0.0,0.0148,1.0,cut,0.01,0.02,0.2,1.0,equal_current,case0033,1.457167719820518e-13,0.434,1.446759378964657e-14,0.5745683453237411,2.7755575615628914e-14,1.1518563880486e-12,0.0,0.0,,1.0978197517719224e-12,1.528432035590376e-13,-4.526396285564616e-12,4.935975239650504e-15,1.915134717478395e-15,3135,DOP853,1e-08,1e-10,0.026572219582783333,0.03074280757907754,,,,,
temporal,kv,0.0,0.0148,1.0,cut,0.1,0.001,0.2,1.0,equal_charge,case0034,2.010197563961924e-11,0.312,6.605618829702568e-13,0.3294913285082513,1.3877787807814457e-14,1.457167719820518e-12,0.0,0.0,,1.3263912537753164e-12,1.9855551137193994e-13,-7.144394424118962e-10,4.551831134236298e-15,1.915134717478395e-15,3090,DOP853,1e-08,1e-10,0.026572228293557265,0.027025616430781375,,,,,
temporal,kv,0.0,0.0148,1.0,cut,0.1,0.02,0.2,1.0,equal_current,case0035,3.755259991855553e-10,0.313,1.2106277785806092e-11,0.32458580493993655,2.0816681711721685e-14,1.1726730697603216e-12,0.0,0.0,,1.0222508603496827e-12,1.5565626865521619e-13,-1.4718187868755645e-08,4.6660383890007024e-15,1.915134717478395e-15,3165,DOP853,1e-08,1e-10,0.02657217593811929,0.037089240550703624,,,,,
temporal,kv,0.0,0.0148,4.0,original,0.001,0.1,0.2,1.0,equal_charge,case0036,0.029417703379670812,0.002,0.00034085014446111686,0.009234915090838932,6.4878658001532585e-12,1.3586452102254398e-07,0.0,0.0,,4.994431805627197e-07,1.716810791690498e-08,4.053627121641735e-05,4.067249794233607e-05,8.520961713998076e-15,8904,DOP853,1e-08,1e-10,0.026572227738499224,0.027179458654380362,,,,,
temporal,kv,0.0,0.0148,4.0,original,0.001,0.02,0.2,1.0,equal_current,case0037,0.005883826211527943,0.002,6.821511719578427e-05,0.009244923796680276,-4.98212582300539e-12,1.0459650506833285e-07,0.0,0.0,,3.84500437218549e-07,1.32169880333059e-08,8.110958490636934e-06,8.1389676258313e-06,8.520961713998076e-15,8862,DOP853,1e-08,1e-10,0.026572229148128658,0.026685666458347714,,,,,
temporal,kv,0.0,0.0148,4.0,original,0.01,0.01,0.2,1.0,equal_charge,case0038,0.022561567291273787,0.01,0.0003408871521570836,0.013727413247146842,-6.678685382510707e-11,1.481241344858386e-06,0.0,0.0,,5.445105409488185e-06,1.8717234218990974e-07,4.055253948821035e-05,4.0674396032695086e-05,8.520961713998076e-15,8856,DOP853,1e-08,1e-10,0.026572228518570155,0.02708112707624772,,,,,
temporal,kv,0.0,0.0148,4.0,original,0.01,0.02,0.2,1.0,equal_current,case0039,0.04511773612345116,0.01,0.0006815400092341356,0.013723660488319757,1.3877787807814457e-13,2.455015357671897e-09,0.0,0.0,,9.024630001630563e-09,3.102409939308797e-10,8.109076259966714e-05,8.133613162131355e-05,8.520961713998076e-15,8862,DOP853,1e-08,1e-10,0.026572226406301136,0.02760890753969359,,,,,
temporal,kv,0.0,0.0148,4.0,original,0.1,0.001,0.2,1.0,equal_charge,case0040,0.0034110334913850515,0.042,0.0003383561997122377,0.058428039254329135,-2.3869795029440866e-12,4.599347985800861e-08,0.0,0.0,,1.6907356807996377e-07,5.811804209809567e-09,4.055822497247547e-05,4.058927032908578e-05,8.520961713998076e-15,8916,DOP853,1e-08,1e-10,0.0265722292321312,0.026686533604854644,,,,,
temporal,kv,0.0,0.0148,4.0,original,0.1,0.02,0.2,1.0,equal_current,case0041,0.06812985827681778,0.042,0.006757514546621634,0.05840954059230024,-1.7555401576885288e-12,3.3641499308512124e-08,0.0,0.0,,1.2366732082824683e-07,4.250986293455253e-09,0.0008106865560223832,0.0008112865100443288,8.520961713998076e-15,8922,DOP853,1e-08,1e-10,0.026572214912544256,0.028949481129955087,,,,,
temporal,kv,0.0,0.0148,4.0,interface_10pct,0.001,0.1,0.2,1.0,equal_charge,case0042,0.008038766079673798,0.005,0.00012810859651862794,0.011694060055004752,-1.582067810090848e-11,4.2537292438415975e-07,0.0,0.0,,1.563694568360724e-06,5.3750872934258966e-08,1.519710150873243e-05,1.528757625038151e-05,7.0915495697931874e-15,8811,DOP853,1e-08,1e-10,0.026572228070734356,0.027421874054392826,,,,,
temporal,kv,0.0,0.0148,4.0,interface_10pct,0.001,0.02,0.2,1.0,equal_current,case0043,0.0016081031295814285,0.005,2.564644018104162e-05,0.011709636620645267,1.2490009027033011e-12,3.443154789062319e-08,0.0,0.0,,1.2657235676227785e-07,4.350847056882405e-09,3.0424802584844608e-06,3.0611244888214467e-06,7.0915495697931874e-15,8811,DOP853,1e-08,1e-10,0.02657222811268113,0.026729309344357376,,,,,
temporal,kv,0.0,0.0148,4.0,interface_10pct,0.01,0.01,0.2,1.0,equal_charge,case0044,0.007139884072117353,0.011,0.000128145571764042,0.016187087706855213,-1.7555401576885288e-12,4.951345583537048e-08,0.0,0.0,,1.8201441547537056e-07,6.25659410729067e-09,1.5208708647158914e-05,1.529409662613394e-05,7.09154956979319e-15,8820,DOP853,1e-08,1e-10,0.02657222821095157,0.027283087876054248,,,,,
temporal,kv,0.0,0.0148,4.0,interface_10pct,0.01,0.02,0.2,1.0,equal_current,case0045,0.01427734574050571,0.011,0.0002561633448868658,0.016181324170471512,-1.249000902703301e-13,3.908297296906227e-09,0.0,0.0,,1.4366943116954356e-08,4.938396726085294e-10,3.0402370956508798e-05,3.0573757343794516e-05,7.09154956979319e-15,8826,DOP853,1e-08,1e-10,0.026572225442948273,0.028030704976195392,,,,,
temporal,kv,0.0,0.0148,4.0,interface_10pct,0.1,0.001,0.2,1.0,equal_charge,case0046,0.001282468542980475,0.046,0.0001270275061638973,0.06082182345000214,-3.885780586188048e-13,8.978241761159467e-09,0.0,0.0,,3.3004378375244003e-08,1.1344868831901538e-09,1.5214313050169104e-05,1.524131006948621e-05,7.09154956979319e-15,8796,DOP853,1e-08,1e-10,0.026572229213122252,0.026731695862359805,,,,,
temporal,kv,0.0,0.0148,4.0,interface_10pct,0.1,0.02,0.2,1.0,equal_current,case0047,0.025600824000215905,0.046,0.0025354929676320095,0.06079544298461719,4.524158825347513e-12,1.1085004442135116e-07,0.0,0.0,,4.074903530056073e-07,1.400723193590348e-08,0.00030375050698193553,0.0003042710046940888,7.09154956979319e-15,8892,DOP853,1e-08,1e-10,0.026572211529292414,0.02993947005006599,,,,,
temporal,kv,0.0,0.0148,4.0,independent32_seed11,0.001,0.1,0.2,1.0,equal_charge,case0048,0.02921095701922255,0.002,0.00033708162736117986,0.009252890754978241,3.2057689836051395e-11,2.3054310543946244e-07,0.0,0.0,,8.474488707348529e-07,2.913189279709807e-08,4.008801674832938e-05,4.02224420244569e-05,1.0080404352599512e-14,8883,DOP853,1e-08,1e-10,0.02657222774370856,0.0271800850368891,,,,,
temporal,kv,0.0,0.0148,4.0,independent32_seed11,0.001,0.02,0.2,1.0,equal_current,case0049,0.005842476859356516,0.002,6.746221452568965e-05,0.00927003165409201,1.1705914015891494e-11,8.436685378088171e-08,0.0,0.0,,3.101226786440467e-07,1.0660782738948905e-08,8.022375657730705e-06,8.056925850225783e-06,1.0080404352599512e-14,8847,DOP853,1e-08,1e-10,0.026572229016000242,0.026685927084137674,,,,,
temporal,kv,0.0,0.0148,4.0,independent32_seed11,0.01,0.01,0.2,1.0,equal_charge,case0050,0.022274279316628065,0.01,0.0003371184535972162,0.013745346468288776,8.652800698172314e-12,6.26896937139243e-08,0.0,0.0,,2.3044001314347778e-07,7.921611939982993e-09,4.010362313306122e-05,4.0225130797174864e-05,1.0080404352599512e-14,8826,DOP853,1e-08,1e-10,0.026572228470498182,0.02708359369654737,,,,,
temporal,kv,0.0,0.0148,4.0,independent32_seed11,0.01,0.02,0.2,1.0,equal_current,case0051,0.04454312925173537,0.01,0.0006739977645317807,0.013740526436998197,-1.3662682096793333e-11,9.99969898551889e-08,0.0,0.0,,3.675774492726755e-07,1.2635789796246e-08,8.01943995530208e-05,8.042932226708658e-05,1.0080404352599512e-14,8895,DOP853,1e-08,1e-10,0.026572226275567056,0.027614020901594028,,,,,
temporal,kv,0.0,0.0148,4.0,independent32_seed11,0.1,0.001,0.2,1.0,equal_charge,case0052,0.0033732931998056714,0.042,0.0003346160629402634,0.058444716081916044,7.389922007661198e-12,6.613989911308238e-08,0.0,0.0,,2.431255746856639e-07,8.357584050498032e-09,4.010976707465006e-05,4.0142921693389955e-05,1.0080404352599512e-14,8850,DOP853,1e-08,1e-10,0.026572229201076485,0.026687432146786504,,,,,
temporal,kv,0.0,0.0148,4.0,independent32_seed11,0.1,0.02,0.2,1.0,equal_current,case0053,0.06737434984552954,0.042,0.006682537836909792,0.05842473430830596,7.632783294297951e-12,6.131686824950577e-08,0.0,0.0,,2.253951652706962e-07,7.748137717008582e-09,0.0008017152615535403,0.0008022874104650168,1.0080404352599512e-14,8916,DOP853,1e-08,1e-10,0.02657221446556871,0.028968858807771995,,,,,
temporal,kv,0.0,0.0148,4.0,independent32_seed22,0.001,0.1,0.2,1.0,equal_charge,case0054,0.029416202630909438,0.002,0.0003400713741902872,0.009223031981148735,-8.749945212827015e-12,1.5567241939962173e-07,0.0,0.0,,5.722411919100931e-07,1.967103891562636e-08,4.044532955377393e-05,4.057866589429899e-05,1.0771263728420588e-14,8883,DOP853,1e-08,1e-10,0.0265722278853029,0.02717977400144198,,,,,
temporal,kv,0.0,0.0148,4.0,independent32_seed22,0.001,0.02,0.2,1.0,equal_current,case0055,0.005883526552750984,0.002,6.806009312310124e-05,0.009235195327318868,-2.7547408798511697e-12,4.943105647026158e-08,0.0,0.0,,1.8170533849261317e-07,6.246179671460434e-09,8.092979855141808e-06,8.123485384542892e-06,1.0771263728420588e-14,8823,DOP853,1e-08,1e-10,0.026572229202205533,0.02668579806283541,,,,,
temporal,kv,0.0,0.0148,4.0,independent32_seed22,0.01,0.01,0.2,1.0,equal_charge,case0056,0.022537887926631084,0.01,0.00034010927157590576,0.01371555897938593,-7.011058400507864e-11,1.3477721022558953e-06,0.0,0.0,,4.9543326698315085e-06,1.703070115019692e-07,4.046165962664033e-05,4.0581238921135815e-05,1.0771263728420583e-14,8838,DOP853,1e-08,1e-10,0.026572228550903652,0.02708239948310216,,,,,
temporal,kv,0.0,0.0148,4.0,independent32_seed22,0.01,0.02,0.2,1.0,equal_current,case0057,0.045070310010844605,0.01,0.0006799799270492436,0.013711464594444504,4.28129753871076e-12,7.747761460175084e-08,0.0,0.0,,2.848028963272492e-07,9.790238252226267e-09,8.090895359022959e-05,8.114596841045177e-05,1.0771263728420583e-14,8883,DOP853,1e-08,1e-10,0.026572226172408366,0.02761154502050528,,,,,
temporal,kv,0.0,0.0148,4.0,independent32_seed22,0.1,0.001,0.2,1.0,equal_charge,case0058,0.003403233778669079,0.042,0.00033759327251294674,0.05841623595645713,-1.0200174038743626e-12,4.3015299655557726e-08,0.0,0.0,,1.5812381100668849e-07,5.43547353335325e-09,4.046724438099403e-05,4.049724601530716e-05,1.0771263728420583e-14,8850,DOP853,1e-08,1e-10,0.02657222922429489,0.02668703030585795,,,,,
temporal,kv,0.0,0.0148,4.0,independent32_seed22,0.1,0.02,0.2,1.0,equal_current,case0059,0.06797265155950027,0.042,0.006742084606252306,0.05839759559557707,-1.0061396160665481e-12,3.8720554540461194e-08,0.0,0.0,,1.4233666415647273e-07,4.8927842820833054e-09,0.0008088674128991712,0.000809448909495297,1.0771263728420583e-14,8943,DOP853,1e-08,1e-10,0.026572213828999557,0.0289601907368971,,,,,
temporal,kv,0.0,0.0148,4.0,independent32_seed33,0.001,0.1,0.2,1.0,equal_charge,case0060,0.02939732656653815,0.002,0.00034093492888329774,0.009245429382787705,-9.957312752106873e-12,4.182722224133073e-08,0.0,0.0,,1.5372495357820343e-07,5.285404715245319e-09,4.054546210162159e-05,4.068732501623697e-05,1.099863544760974e-14,8865,DOP853,1e-08,1e-10,0.02657222841597468,0.027182591617611024,,,,,
temporal,kv,0.0,0.0148,4.0,independent32_seed33,0.001,0.02,0.2,1.0,equal_current,case0061,0.005879751736596883,0.002,6.823372212052398e-05,0.009264681213732584,-2.6700863742235015e-11,1.1197065497015046e-07,0.0,0.0,,4.1151918010393085e-07,1.4148893205705207e-08,8.112821021443614e-06,8.145714368361343e-06,1.099863544760974e-14,8847,DOP853,1e-08,1e-10,0.026572229139161543,0.02668648880844609,,,,,
temporal,kv,0.0,0.0148,4.0,independent32_seed33,0.01,0.01,0.2,1.0,equal_charge,case0062,0.02254919704194197,0.01,0.00034097282277787896,0.013737927176560211,8.056055822436292e-12,3.3728964066170875e-08,0.0,0.0,,1.2396192731155276e-07,4.262052891543619e-09,4.056210293079833e-05,4.069013699915144e-05,1.0998635447609737e-14,8841,DOP853,1e-08,1e-10,0.02657222849152392,0.027085854308220015,,,,,
temporal,kv,0.0,0.0148,4.0,independent32_seed33,0.01,0.02,0.2,1.0,equal_current,case0063,0.045092905215267376,0.01,0.0006817039814980587,0.013732868848890304,9.207912210484892e-12,3.861612418720739e-08,0.0,0.0,,1.419235536601407e-07,4.879607181906531e-09,8.110910993712399e-05,8.136217878864093e-05,1.0998635447609737e-14,8859,DOP853,1e-08,1e-10,0.02657222607119482,0.027618710002284576,,,,,
temporal,kv,0.0,0.0148,4.0,independent32_seed33,0.1,0.001,0.2,1.0,equal_charge,case0064,0.0034119026530790575,0.042,0.0003384389785360541,0.058437874610960415,-1.1338152638984411e-11,4.764894034892109e-08,0.0,0.0,,1.7512149681764289e-07,6.02105007181326e-09,4.0567809921362324e-05,4.060374146845019e-05,1.0998635447609737e-14,8850,DOP853,1e-08,1e-10,0.026572229211875284,0.026687862706015652,,,,,
temporal,kv,0.0,0.0148,4.0,independent32_seed33,0.1,0.02,0.2,1.0,equal_current,case0065,0.06814473183009567,0.042,0.006758879219671643,0.05841688932321105,1.008915173628111e-11,5.009034853564742e-08,0.0,0.0,,1.8412099718131958e-07,6.329535478702033e-09,0.0008108586011067895,0.0008114700626797829,1.0998635447609737e-14,8943,DOP853,1e-08,1e-10,0.026572213551548925,0.02897816685887038,,,,,
temporal,kv,0.0,0.0148,4.0,cut,0.001,0.1,0.2,1.0,equal_charge,case0066,3.2640140590345368e-09,0.212,3.4872046916767364e-10,0.5629432559740828,-1.7486012637846216e-12,4.9379542121918973e-08,0.0,0.0,,1.8152207950736937e-07,6.239670238827877e-09,3.459071654110851e-12,1.3110121988985092e-09,7.66053886991358e-15,8811,DOP853,1e-08,1e-10,0.026572226364870426,0.027479445831468243,,,,,
temporal,kv,0.0,0.0148,4.0,cut,0.001,0.02,0.2,1.0,equal_current,case0067,2.7996424623033533e-09,0.296,3.3862359791192453e-10,0.5625004608172075,1.1310397063368782e-12,3.258483760593123e-08,0.0,0.0,,1.1978383460901215e-07,4.117494867959101e-09,1.8181744831923996e-11,1.2781774038350676e-09,7.66053886991358e-15,8823,DOP853,1e-08,1e-10,0.0265722286237992,0.02673963599502401,,,,,
temporal,kv,0.0,0.0148,4.0,cut,0.01,0.01,0.2,1.0,equal_charge,case0068,3.027939010635805e-09,0.256,3.546096402629038e-10,0.5640532895890951,-1.2420620087993939e-12,3.48964884766545e-08,0.0,0.0,,1.2828130010068134e-07,4.40956557116749e-09,-1.637300420242605e-12,1.3332729885268124e-09,7.66053886991358e-15,8832,DOP853,1e-08,1e-10,0.02657222654204078,0.027339792916779616,,,,,
temporal,kv,0.0,0.0148,4.0,cut,0.01,0.02,0.2,1.0,equal_current,case0069,2.969464951707579e-09,0.242,3.5003843573688787e-10,0.5663460883158785,-4.0939474033052647e-13,1.2866797904909077e-08,0.0,0.0,,4.729923822402449e-08,1.625855981377964e-09,-2.038765463396834e-11,1.311686317520544e-09,7.66053886991358e-15,8850,DOP853,1e-08,1e-10,0.02657222207524394,0.028150219249287404,,,,,
temporal,kv,0.0,0.0148,4.0,cut,0.1,0.001,0.2,1.0,equal_charge,case0070,4.3537257132797436e-09,0.28400000000000003,4.6530897190866217e-10,0.5894583666191507,-3.5180192092809648e-12,7.422915060395496e-08,0.0,0.0,,2.72868963622358e-07,9.379711253194529e-09,-9.576025848667676e-10,2.026989727899054e-09,7.66053886991358e-15,8856,DOP853,1e-08,1e-10,0.02657222889046293,0.026747516572517414,,,,,
temporal,kv,0.0,0.0148,4.0,cut,0.1,0.02,0.2,1.0,equal_current,case0071,2.0002749456793367e-09,0.31,1.9611655355245006e-10,0.6027885980279636,1.6514567491299204e-12,6.523852291717702e-08,0.0,0.0,,2.398218250073206e-07,8.243676949779386e-09,-1.8941662029758878e-08,1.8901549541094917e-09,7.66053886991358e-15,8910,DOP853,1e-08,1e-10,0.026572201443116318,0.030292686578312467,,,,,
temporal,kv,0.0,0.0592,1.0,original,0.001,0.1,0.2,1.0,equal_charge,case0072,0.02044547670142227,0.004,0.00028473324713946396,0.010894901964939536,-4.704570066849101e-12,2.481279071098186e-10,0.0,0.0,,3.978761764500405e-12,3.425937039688928e-10,3.214486972996726e-05,3.265920357848951e-05,2.130240428499519e-15,3120,DOP853,1e-08,1e-10,0.026572230581723727,0.027103743663833557,,,,,
temporal,kv,0.0,0.0592,1.0,original,0.001,0.02,0.2,1.0,equal_current,case0073,0.0040895725554671025,0.004,5.7013897566488e-05,0.010911737423156029,-9.298117831235686e-13,4.5706494145036913e-11,0.0,0.0,,1.1969158303370975e-12,6.142028749339518e-11,6.442752178779824e-06,6.536565927677791e-06,2.130240428499519e-15,3105,DOP853,1e-08,1e-10,0.02657223083192602,0.026667979792515874,,,,,
temporal,kv,0.0,0.0592,1.0,original,0.01,0.01,0.2,1.0,equal_charge,case0074,0.01709907926073645,0.011,0.0002848201223376312,0.015389436621322078,-5.169475958410885e-12,2.5291574390351457e-10,0.0,0.0,,4.715932505616749e-12,3.3985805676838194e-10,3.219793656978686e-05,3.267068799760845e-05,2.130240428499519e-15,3174,DOP853,1e-08,1e-10,0.026572230591149718,0.027052983310226635,,,,,
temporal,kv,0.0,0.0592,1.0,original,0.01,0.02,0.2,1.0,equal_current,case0075,0.03419232734004629,0.011,0.0005692439659901946,0.015379906218213942,-1.0352829704629585e-11,5.248024237403115e-10,0.0,0.0,,9.575933795913372e-12,7.139652982937841e-10,6.432915754611755e-05,6.531576901093161e-05,2.130240428499519e-15,3189,DOP853,1e-08,1e-10,0.026572230277167798,0.027580011955962457,,,,,
temporal,kv,0.0,0.0592,1.0,original,0.1,0.001,0.2,1.0,equal_charge,case0076,0.002851043797574837,0.046,0.0002787734466562497,0.0594432538456078,-1.4217793609105911e-11,6.09658157291193e-10,0.0,0.0,,1.0070329986566762e-11,8.007258519901247e-10,3.222355485909767e-05,3.25005474413431e-05,2.130240428499519e-15,3144,DOP853,1e-08,1e-10,0.026572230636396684,0.02683806700759099,,,,,
temporal,kv,0.0,0.0592,1.0,original,0.1,0.02,0.2,1.0,equal_current,case0077,0.056849927292580704,0.045,0.0055520439773790575,0.05935961768386614,-2.884636973732313e-10,1.3380921370931276e-08,0.0,0.0,,2.347126616328299e-10,1.8051851832508593e-08,0.0006421148450175467,0.0006482576577264145,2.130240428499519e-15,3204,DOP853,1e-08,1e-10,0.02657222546361706,0.032516044849148114,,,,,
temporal,kv,0.0,0.0592,1.0,interface_10pct,0.001,0.1,0.2,1.0,equal_charge,case0078,0.0037019662671167186,0.007,6.882574116574142e-05,0.013643878889893844,-1.6792123247455493e-12,3.145678162397303e-10,0.0,0.0,,5.870976448052456e-12,4.65450161052372e-10,7.594378733836344e-06,7.903428305760072e-06,1.7728873924482969e-15,3108,DOP853,1e-08,1e-10,0.026572227737313558,0.027273029823758385,,,,,
temporal,kv,0.0,0.0592,1.0,interface_10pct,0.001,0.02,0.2,1.0,equal_current,case0079,0.0007406129833090191,0.007,1.3787091875321067e-05,0.013667007443142962,-3.469446951953614e-13,5.734995811579324e-11,0.0,0.0,,1.2629871107283641e-12,8.307696216394035e-11,1.5245308935227846e-06,1.5829068860113872e-06,1.7728873924482969e-15,3078,DOP853,1e-08,1e-10,0.026572230338511235,0.02669752008501437,,,,,
temporal,kv,0.0,0.0592,1.0,interface_10pct,0.01,0.01,0.2,1.0,equal_charge,case0080,0.003396384064199842,0.012,6.885603978258603e-05,0.018138272750528137,-1.790234627208065e-12,3.1932095856390674e-10,0.0,0.0,,5.8924219670242195e-12,4.643071189349581e-10,7.609155851983864e-06,7.908135862070734e-06,1.7728873924482974e-15,3135,DOP853,1e-08,1e-10,0.02657222782293293,0.027208242061431055,,,,,
temporal,kv,0.0,0.0592,1.0,interface_10pct,0.01,0.02,0.2,1.0,equal_current,case0081,0.0067911887358593215,0.012,0.00013757150411684155,0.018123833365185235,-3.6290415117434804e-12,6.698114285441648e-10,0.0,0.0,,1.159101026965148e-11,9.860584336664314e-10,1.5184464607626691e-05,1.5802031538638294e-05,1.7728873924482974e-15,3162,DOP853,1e-08,1e-10,0.026572224259532182,0.027921795318333886,,,,,
temporal,kv,0.0,0.0592,1.0,interface_10pct,0.1,0.001,0.2,1.0,equal_charge,case0082,0.0006894550131988919,0.049,6.707035441277237e-05,0.06194901324201677,-4.871103520542874e-12,7.677330993161036e-10,0.0,0.0,,1.3509766222385977e-11,1.0930687778520909e-09,7.540166439869839e-06,7.822796707799172e-06,1.7728873924482974e-15,3117,DOP853,1e-08,1e-10,0.026572225307967236,0.026923274955108618,,,,,
temporal,kv,0.0,0.0592,1.0,interface_10pct,0.1,0.02,0.2,1.0,equal_current,case0083,0.013727659343910903,0.049,0.0013331825817118473,0.06182473686920611,-1.0163397901052917e-10,1.7379632455405414e-08,0.0,0.0,,3.042895362764808e-10,2.5445462823410292e-08,0.00014943208362082572,0.00015555825344259585,1.7728873924482974e-15,3204,DOP853,1e-08,1e-10,0.026572093109606603,0.034696524513570734,,,,,
temporal,kv,0.0,0.0592,1.0,independent32_seed11,0.001,0.1,0.2,1.0,equal_charge,case0084,0.020395114474110188,0.004,0.00028193106604776363,0.010857565827373574,-4.676814491233472e-12,2.5020263638708684e-10,0.0,0.0,,5.164770520982298e-12,3.4280526990633457e-10,3.183641961714678e-05,3.233107518075852e-05,2.520101088149878e-15,3108,DOP853,1e-08,1e-10,0.026572230361764055,0.027103905918134354,,,,,
temporal,kv,0.0,0.0592,1.0,independent32_seed11,0.001,0.02,0.2,1.0,equal_current,case0085,0.004079499813527954,0.004,5.64532154943842e-05,0.010874595320281804,-9.506284648352903e-13,4.5102810375396984e-11,0.0,0.0,,1.4984975066356654e-12,6.142972298257194e-11,6.3809084058791694e-06,6.471034144209048e-06,2.520101088149878e-15,3105,DOP853,1e-08,1e-10,0.026572230789316337,0.026668023825058056,,,,,
temporal,kv,0.0,0.0592,1.0,independent32_seed11,0.01,0.01,0.2,1.0,equal_charge,case0086,0.016988839799232658,0.011,0.00028201821819592854,0.015352208990619027,-5.086209231563998e-12,2.5268676040468563e-10,0.0,0.0,,3.886149214926693e-12,3.4002185920471154e-10,3.188884590443429e-05,3.2343527881502316e-05,2.520101088149878e-15,3174,DOP853,1e-08,1e-10,0.02657223036465851,0.027053329816532617,,,,,
temporal,kv,0.0,0.0592,1.0,independent32_seed11,0.01,0.02,0.2,1.0,equal_current,case0087,0.03397185101416261,0.011,0.0005636411917730871,0.015342581677876319,-1.0255685189974884e-11,5.262734692479398e-10,0.0,0.0,,9.336195011533377e-12,7.143764746420089e-10,6.371178910592615e-05,6.466117319265042e-05,2.520101088149878e-15,3177,DOP853,1e-08,1e-10,0.026572229816081427,0.027580625305776124,,,,,
temporal,kv,0.0,0.0592,1.0,independent32_seed11,0.1,0.001,0.2,1.0,equal_charge,case0088,0.0028230048511254657,0.046,0.00027606089115996685,0.05940938533242067,-1.4072076837123859e-11,6.126071872003536e-10,0.0,0.0,,1.0440801868905059e-11,8.013595535085617e-10,3.191249113206466e-05,3.218272508783217e-05,2.520101088149878e-15,3144,DOP853,1e-08,1e-10,0.02657223028833608,0.026838595525868973,,,,,
temporal,kv,0.0,0.0592,1.0,independent32_seed11,0.1,0.02,0.2,1.0,equal_current,case0089,0.05628895199474154,0.045,0.005497781280062222,0.059324705783928754,-2.8523711170791444e-10,1.3438049284442144e-08,0.0,0.0,,2.357912910061488e-10,1.8071595622913738e-08,0.0006359164258051531,0.0006419192911729611,2.520101088149878e-15,3216,DOP853,1e-08,1e-10,0.02657221685384277,0.03252911692009058,,,,,
temporal,kv,0.0,0.0592,1.0,independent32_seed22,0.001,0.1,0.2,1.0,equal_charge,case0090,0.020445272829933137,0.004,0.0002846084992231962,0.010888993682854356,-4.746203430272544e-12,2.48620568576996e-10,0.0,0.0,,4.134865193294868e-12,3.426793852432806e-10,3.213142100050077e-05,3.2646779956811985e-05,2.692815932105147e-15,3108,DOP853,1e-08,1e-10,0.02657223036147495,0.027103825193846062,,,,,
temporal,kv,0.0,0.0592,1.0,independent32_seed22,0.001,0.02,0.2,1.0,equal_current,case0091,0.004089531765907872,0.004,5.698888881842251e-05,0.010905758042261408,-9.298117831235686e-13,4.666406150377611e-11,0.0,0.0,,1.5340159698062905e-12,6.146394860790878e-11,6.440051781867451e-06,6.534080596493688e-06,2.692815932105147e-15,3105,DOP853,1e-08,1e-10,0.026572230788351324,0.026668001928531405,,,,,
temporal,kv,0.0,0.0592,1.0,independent32_seed22,0.01,0.01,0.2,1.0,equal_charge,case0092,0.017098042878062325,0.011,0.00028469533182370194,0.015383537493806628,-5.1486592766991635e-12,2.53033705099881e-10,0.0,0.0,,4.48176652040333e-12,3.3994362083172407e-10,3.218445199921783e-05,3.265816497855951e-05,2.6928159321051457e-15,3174,DOP853,1e-08,1e-10,0.02657223035830412,0.027053157855481482,,,,,
temporal,kv,0.0,0.0592,1.0,independent32_seed22,0.01,0.02,0.2,1.0,equal_current,case0093,0.034190243111624496,0.011,0.0005689926008912161,0.015373952025507504,-1.0345890810725678e-11,5.259404023405523e-10,0.0,0.0,,9.802250157397996e-12,7.141763953870432e-10,6.430226700224775e-05,6.529088286663082e-05,2.6928159321051457e-15,3189,DOP853,1e-08,1e-10,0.026572229808466182,0.027580320751000025,,,,,
temporal,kv,0.0,0.0592,1.0,independent32_seed22,0.1,0.001,0.2,1.0,equal_charge,case0094,0.0028497921338438426,0.046,0.00027865185855549535,0.05943783216400122,-1.4259426972529354e-11,6.111292027988213e-10,0.0,0.0,,1.0235150400828008e-11,8.010329449297908e-10,3.2209903948489225e-05,3.24867876394379e-05,2.6928159321051457e-15,3144,DOP853,1e-08,1e-10,0.026572230228145397,0.02683833777976182,,,,,
temporal,kv,0.0,0.0592,1.0,independent32_seed22,0.1,0.02,0.2,1.0,equal_current,case0095,0.05682394549043346,0.045,0.0055494514745726125,0.05935355882300676,-2.883734917524805e-10,1.3410168808736245e-08,0.0,0.0,,2.353107075511729e-10,1.8061652492698156e-08,0.0006418423616044496,0.0006479846473966154,2.6928159321051457e-15,3231,DOP853,1e-08,1e-10,0.026572216701303056,0.032522741905557144,,,,,
temporal,kv,0.0,0.0592,1.0,independent32_seed33,0.001,0.1,0.2,1.0,equal_charge,case0096,0.02044160166704556,0.004,0.0002845220935485185,0.010895394442171769,-4.718447854656915e-12,2.503691698407806e-10,0.0,0.0,,4.40097177450971e-12,3.4365053736221344e-10,3.212105263833104e-05,3.2633402622574045e-05,2.749658861902435e-15,3108,DOP853,1e-08,1e-10,0.02657223007255351,0.02710518958539778,,,,,
temporal,kv,0.0,0.0592,1.0,independent32_seed33,0.001,0.02,0.2,1.0,equal_current,case0097,0.004088797670533106,0.004,5.697202594774631e-05,0.010912385769621495,-9.43689570931383e-13,4.543587728278453e-11,0.0,0.0,,1.6710591244084583e-12,6.160225764180422e-11,6.438036448129908e-06,6.531466830794713e-06,2.749658861902435e-15,3105,DOP853,1e-08,1e-10,0.026572230734700632,0.0266682885778254,,,,,
temporal,kv,0.0,0.0592,1.0,independent32_seed33,0.01,0.01,0.2,1.0,equal_charge,case0098,0.017087919060465584,0.011,0.0002846090164616427,0.015389928335301046,-5.1833537462187e-12,2.548863897722242e-10,0.0,0.0,,4.825848921863329e-12,3.410270611324127e-10,3.217409879751128e-05,3.264523268296782e-05,2.7496588619024343e-15,3174,DOP853,1e-08,1e-10,0.02657223006832516,0.027054779096970294,,,,,
temporal,kv,0.0,0.0592,1.0,independent32_seed33,0.01,0.02,0.2,1.0,equal_current,case0099,0.03416998099894236,0.011,0.0005688185117384489,0.015380302657682834,-1.0345890810725678e-11,5.280637038751479e-10,0.0,0.0,,8.875625928661535e-12,7.164483556908673e-10,6.428084422536853e-05,6.526404195054779e-05,2.7496588619024343e-15,3150,DOP853,1e-08,1e-10,0.026572229204616243,0.027583706138629833,,,,,
temporal,kv,0.0,0.0592,1.0,independent32_seed33,0.1,0.001,0.2,1.0,equal_charge,case0100,0.002848948349655489,0.046,0.0002785693811106979,0.05944364188681608,-1.4231671396913725e-11,6.152370279899344e-10,0.0,0.0,,1.042503756931712e-11,8.037452085266897e-10,3.219973712766023e-05,3.247628533907697e-05,2.7496588619024343e-15,3144,DOP853,1e-08,1e-10,0.026572229733748474,0.026839452625847585,,,,,
temporal,kv,0.0,0.0592,1.0,independent32_seed33,0.1,0.02,0.2,1.0,equal_current,case0101,0.05680597282824856,0.045,0.005547668860658625,0.0593587041434583,-2.880820582085164e-10,1.3501574858132415e-08,0.0,0.0,,2.37048531845363e-10,1.813177810315929e-08,0.0006416032996034241,0.000647745904715884,2.7496588619024343e-15,3189,DOP853,1e-08,1e-10,0.026572206136011602,0.03255034717658627,,,,,
temporal,kv,0.0,0.0592,1.0,cut,0.001,0.1,0.2,1.0,equal_charge,case0102,5.551115123125783e-14,0.06,2.4216739724636227e-15,,-7.424616477180734e-13,3.2833458174508223e-10,0.0,0.0,,5.757352060375975e-12,4.914038512628529e-10,-7.828349205615119e-08,1.3128387266192477e-17,1.915134717478395e-15,3108,DOP853,1e-08,1e-10,0.02657213923634812,0.027305898094126844,,,,,
temporal,kv,0.0,0.0592,1.0,cut,0.001,0.02,0.2,1.0,equal_current,case0103,4.85722573273506e-14,0.035,1.6722734308416422e-15,,-1.6653345369377348e-13,5.924427615155992e-11,0.0,0.0,,1.1351163065054237e-12,8.774963910526154e-11,-1.4964208992263722e-08,1.2941037130786985e-17,1.915134717478395e-15,3078,DOP853,1e-08,1e-10,0.026572213646843427,0.026703273643914862,,,,,
temporal,kv,0.0,0.0592,1.0,cut,0.01,0.01,0.2,1.0,equal_charge,case0104,6.245004513516506e-14,0.198,1.7000290064572713e-15,,-7.91033905045424e-13,3.340591692158057e-10,0.0,0.0,,6.012291359214217e-12,4.914427067244938e-10,-8.261838250816013e-08,1.7846835120849386e-17,1.915134717478395e-15,3135,DOP853,1e-08,1e-10,0.02657213540629517,0.027239814598166073,,,,,
temporal,kv,0.0,0.0592,1.0,cut,0.01,0.02,0.2,1.0,equal_current,case0105,5.551115123125783e-14,0.182,2.130240428499519e-15,,-1.6792123247455493e-12,7.024103521047209e-10,0.0,0.0,,1.2240534107144097e-11,1.045283885724056e-09,-1.6966565804396245e-07,1.3801459974871483e-17,1.915134717478395e-15,3162,DOP853,1e-08,1e-10,0.026572033099433755,0.027991734245065607,,,,,
temporal,kv,0.0,0.0592,1.0,cut,0.1,0.001,0.2,1.0,equal_charge,case0106,5.551115123125783e-14,0.06,1.85268467234323e-15,,-1.9012569296705806e-12,8.041831089933282e-10,0.0,0.0,,1.3958799394142574e-11,1.1595068116052717e-09,-2.1208285759118095e-07,1.643823965835623e-17,1.915134717478395e-15,3117,DOP853,1e-08,1e-10,0.026571992688839217,0.026942613642017575,,,,,
temporal,kv,0.0,0.0592,1.0,cut,0.1,0.02,0.2,1.0,equal_current,case0107,5.551115123125783e-14,0.073,2.2759572004815705e-15,,-4.351380367140223e-11,1.8345540364617108e-08,0.0,0.0,,3.206444007877729e-10,2.717572419208933e-08,-4.544638369955011e-06,1.6507628597395293e-17,1.915134717478395e-15,3204,DOP853,1e-08,1e-10,0.026567012838049166,0.035208744269872416,,,,,
temporal,kv,0.0,0.0592,4.0,original,0.001,0.1,0.2,1.0,equal_charge,case0108,0.029434743231748772,0.002,0.00035634792997550624,0.009799924866619675,-4.5727310826748635e-12,3.0755127611303834e-08,0.0,0.0,,1.1286491066828802e-07,1.0877128191200125e-09,4.0537704711399114e-05,4.0837125749620036e-05,8.520961713998076e-15,8835,DOP853,1e-08,1e-10,0.02657223051137383,0.026751383186431395,,,,,
temporal,kv,0.0,0.0592,4.0,original,0.001,0.02,0.2,1.0,equal_current,case0109,0.005887021337171172,0.002,7.129190184002737e-05,0.009806199425871926,-5.43315392675936e-12,8.78925543457143e-08,0.0,0.0,,3.2314718212498456e-07,2.7138392063803468e-09,8.111053245909134e-06,8.169690964708861e-06,8.520961713998076e-15,8874,DOP853,1e-08,1e-10,0.02657223050343186,0.026605943464008252,,,,,
temporal,kv,0.0,0.0592,4.0,original,0.01,0.01,0.2,1.0,equal_charge,case0110,0.022730969028876558,0.01,0.0003562774523064999,0.014288129621946512,-6.529499163576702e-11,1.1756471560153692e-06,0.0,0.0,,4.322098028889006e-06,3.6493292141455225e-08,4.0553735951256055e-05,4.0835953287509984e-05,8.520961713998076e-15,8916,DOP853,1e-08,1e-10,0.026572230518849795,0.026738291094558195,,,,,
temporal,kv,0.0,0.0592,4.0,original,0.01,0.02,0.2,1.0,equal_current,case0111,0.045460377072113756,0.01,0.0007124448594080929,0.014285741589975486,-1.1823875212257917e-11,2.7215507625300006e-08,0.0,0.0,,9.963168322042054e-08,1.1160526917983267e-09,8.10960231729168e-05,8.166657348696512e-05,8.520961713998076e-15,8874,DOP853,1e-08,1e-10,0.026572230519951598,0.02691027171100821,,,,,
temporal,kv,0.0,0.0592,4.0,original,0.1,0.001,0.2,1.0,equal_charge,case0112,0.003564723935242653,0.045,0.0003493817392382011,0.05843128436585383,-1.9838297671270766e-11,3.7726259616288615e-08,0.0,0.0,,1.3919882317116328e-07,1.092563363823144e-09,4.055844527134031e-05,4.071793522231287e-05,8.520961713998076e-15,8916,DOP853,1e-08,1e-10,0.026572230518632344,0.026665545546887052,,,,,
temporal,kv,0.0,0.0592,4.0,original,0.1,0.02,0.2,1.0,equal_current,case0113,0.07124694348131788,0.045,0.006981167602742958,0.05841231565037581,-3.600938991432656e-10,2.794633968683513e-08,0.0,0.0,,1.1277746360480873e-07,5.708241569926889e-09,0.0008107760183749434,0.000814047357613014,8.520961713998076e-15,8958,DOP853,1e-08,1e-10,0.026572229812262364,0.028513764697709,,,,,
temporal,kv,0.0,0.0592,4.0,interface_10pct,0.001,0.1,0.2,1.0,equal_charge,case0114,0.008075111645744482,0.005,0.00013562246532379182,0.012408879252568688,4.087702398791748e-11,1.4710690235397728e-06,0.0,0.0,,5.407676598417725e-06,4.58852768562699e-08,1.5160573655807414e-05,1.555781289564365e-05,7.0915495697931874e-15,8796,DOP853,1e-08,1e-10,0.026572230264517563,0.026825884969194462,,,,,
temporal,kv,0.0,0.0592,4.0,interface_10pct,0.001,0.02,0.2,1.0,equal_current,case0115,0.0016151161864527697,0.005,2.7136691654501555e-05,0.012415080369823214,1.4016565685892601e-12,6.21739021378076e-07,0.0,0.0,,2.285665253918233e-06,1.9357664577416996e-08,3.0347389988687544e-06,3.1123969128479967e-06,7.0915495697931874e-15,8847,DOP853,1e-08,1e-10,0.026572230530111304,0.026619379700188215,,,,,
temporal,kv,0.0,0.0592,4.0,interface_10pct,0.01,0.01,0.2,1.0,equal_charge,case0116,0.00720922000013724,0.011,0.0001355988162505331,0.016895329376947064,-7.743805596760467e-12,1.1308659564335244e-07,0.0,0.0,,4.1598005962126955e-07,3.381758262592103e-09,1.5169809376550573e-05,1.5558229849190224e-05,7.09154956979319e-15,8820,DOP853,1e-08,1e-10,0.02657223025383922,0.026805266182114887,,,,,
temporal,kv,0.0,0.0592,4.0,interface_10pct,0.01,0.02,0.2,1.0,equal_current,case0117,0.014417738601363306,0.011,0.0002711372966091169,0.01689192092988827,-4.65599780952175e-12,3.728854031104234e-08,0.0,0.0,,1.365687511429431e-07,1.5549059670270812e-09,3.0326650079437462e-05,3.110920034661154e-05,7.09154956979319e-15,8850,DOP853,1e-08,1e-10,0.026572229610236635,0.027049822194466697,,,,,
temporal,kv,0.0,0.0592,4.0,interface_10pct,0.1,0.001,0.2,1.0,equal_charge,case0118,0.0013569130386456574,0.048,0.00013234618605513504,0.060810729774980525,-1.0130785099704553e-12,1.394003940058397e-07,0.0,0.0,,5.118410849888969e-07,4.8006636086627645e-09,1.5111910541662942e-05,1.54320055358522e-05,7.09154956979319e-15,8808,DOP853,1e-08,1e-10,0.02657222998486133,0.026702421248655142,,,,,
temporal,kv,0.0,0.0592,4.0,interface_10pct,0.1,0.02,0.2,1.0,equal_current,case0119,0.027112659784979398,0.048,0.0026434845332703387,0.06078358885119453,-1.2118084313783584e-10,9.414360679915745e-07,0.0,0.0,,3.4480276614370226e-06,3.904151911435527e-08,0.00030176861769217676,0.0003082808013956383,7.09154956979319e-15,8964,DOP853,1e-08,1e-10,0.026572212246585923,0.029323340563679128,,,,,
temporal,kv,0.0,0.0592,4.0,independent32_seed11,0.001,0.1,0.2,1.0,equal_charge,case0120,0.029227925713679048,0.002,0.00035243924524389764,0.009819383463423733,3.402833570476105e-11,2.2684721462384871e-07,0.0,0.0,,8.33682625754964e-07,7.197227048572963e-09,4.0088854285890576e-05,4.03862778212972e-05,1.0080404352599512e-14,8895,DOP853,1e-08,1e-10,0.026572230499630683,0.026752261773722284,,,,,
temporal,kv,0.0,0.0592,4.0,independent32_seed11,0.001,0.02,0.2,1.0,equal_current,case0121,0.005845657821454409,0.002,7.051029893554925e-05,0.009830583523174764,7.445433158892456e-12,5.2124769778227886e-08,0.0,0.0,,1.9157113644984597e-07,1.6482459283502466e-09,8.022286539489724e-06,8.085460465127455e-06,1.0080404352599512e-14,8868,DOP853,1e-08,1e-10,0.026572230483893077,0.0266061164668419,,,,,
temporal,kv,0.0,0.0592,4.0,independent32_seed11,0.01,0.01,0.2,1.0,equal_charge,case0122,0.0224412882510322,0.01,0.0003523695251891716,0.014307350079487254,5.766220834146907e-12,8.443965665572151e-08,0.0,0.0,,3.1019153827558515e-07,2.7628699347128515e-09,4.010412710734377e-05,4.038538017583043e-05,1.0080404352599512e-14,8838,DOP853,1e-08,1e-10,0.026572230500563915,0.02673924894919453,,,,,
temporal,kv,0.0,0.0592,4.0,independent32_seed11,0.01,0.02,0.2,1.0,equal_current,case0123,0.044881003585912904,0.01,0.0007046268935206115,0.01430436744077729,-2.2364055052292997e-11,7.616931391174475e-08,0.0,0.0,,2.8042681753104315e-07,2.2431020066907526e-09,8.019828997614e-05,8.076243855824604e-05,1.0080404352599512e-14,8883,DOP853,1e-08,1e-10,0.026572230494426318,0.026912244247770313,,,,,
temporal,kv,0.0,0.0592,4.0,independent32_seed11,0.1,0.001,0.2,1.0,equal_charge,case0124,0.003525627055557534,0.045,0.00034553927794767753,0.058447707821054816,-2.9101721032986916e-11,1.3105437568494693e-07,0.0,0.0,,4.822902965016806e-07,3.8748936726327e-09,4.010828817402346e-05,4.02694859423134e-05,1.0080404352599512e-14,8874,DOP853,1e-08,1e-10,0.026572230501973052,0.026666279429481597,,,,,
temporal,kv,0.0,0.0592,4.0,independent32_seed11,0.1,0.02,0.2,1.0,equal_current,case0125,0.07046434694788634,0.045,0.006904205827025375,0.05842794713210229,-2.263536580393577e-10,1.4617758045676332e-06,0.0,0.0,,5.363007234767021e-06,5.2155435329032254e-08,0.0008017690065383066,0.0008050658384596524,1.0080404352599512e-14,8967,DOP853,1e-08,1e-10,0.026572229121011117,0.02852962475799999,,,,,
temporal,kv,0.0,0.0592,4.0,independent32_seed22,0.001,0.1,0.2,1.0,equal_charge,case0126,0.02943324430187272,0.002,0.0003555142004882453,0.009787209539322656,-2.0414225865295066e-11,2.2551405881587883e-07,0.0,0.0,,8.291430403806893e-07,6.9928091095405875e-09,4.044679717353679e-05,4.073825667337172e-05,1.0771263728420588e-14,8883,DOP853,1e-08,1e-10,0.026572230488706754,0.026751832107146382,,,,,
temporal,kv,0.0,0.0592,4.0,independent32_seed22,0.001,0.02,0.2,1.0,equal_current,case0127,0.005886721680135876,0.002,7.112533415519484e-05,0.009794326986840119,-6.175615574477433e-13,9.515117860292577e-09,0.0,0.0,,3.495071298348362e-08,3.02926790258724e-10,8.09332587605917e-06,8.151087591529928e-06,1.0771263728420588e-14,8823,DOP853,1e-08,1e-10,0.026572230489126773,0.026606031878112932,,,,,
temporal,kv,0.0,0.0592,4.0,independent32_seed22,0.01,0.01,0.2,1.0,equal_charge,case0128,0.022707135400000522,0.01,0.0003554444409329671,0.014275293642987394,-6.051409373597494e-11,1.1149729334247738e-06,0.0,0.0,,4.098895737495584e-06,3.4699378611156585e-08,4.0462761373214265e-05,4.073705013247629e-05,1.0771263728420583e-14,8853,DOP853,1e-08,1e-10,0.02657223049773005,0.026738788502700252,,,,,
temporal,kv,0.0,0.0592,4.0,independent32_seed22,0.01,0.02,0.2,1.0,equal_current,case0129,0.04541269082097149,0.01,0.0007107771460663839,0.014272846625250128,-9.71445146547012e-12,6.978861932793734e-08,0.0,0.0,,2.562502684436835e-07,2.2450882064652234e-09,8.09136901660293e-05,8.146834032815262e-05,1.0771263728420583e-14,8907,DOP853,1e-08,1e-10,0.026572230505420354,0.026911295786092495,,,,,
temporal,kv,0.0,0.0592,4.0,independent32_seed22,0.1,0.001,0.2,1.0,equal_charge,case0130,0.003556393040823891,0.045,0.0003485788040758427,0.058420227397926676,-5.3387849696662215e-11,2.822247366363051e-07,0.0,0.0,,1.0378164139700219e-06,8.704624214090095e-09,4.046684142966373e-05,4.06257930414084e-05,1.0771263728420583e-14,8886,DOP853,1e-08,1e-10,0.02657223048802407,0.026665951202879838,,,,,
temporal,kv,0.0,0.0592,4.0,independent32_seed22,0.1,0.02,0.2,1.0,equal_current,case0131,0.07107946184813085,0.045,0.006964986249786894,0.058400352005074326,-2.3561014250716994e-10,6.351537421012132e-07,0.0,0.0,,2.3271132194423866e-06,2.1560559561899114e-08,0.0008089448434941995,0.000812172086814419,1.0771263728420583e-14,9000,DOP853,1e-08,1e-10,0.0265722284332794,0.02852253007908978,,,,,
temporal,kv,0.0,0.0592,4.0,independent32_seed33,0.001,0.1,0.2,1.0,equal_charge,case0132,0.029414363570082203,0.002,0.00035645240673598533,0.009809928493355782,1.211530875622202e-11,7.551762687407759e-08,0.0,0.0,,2.776970673377954e-07,2.4264827314289715e-09,4.054691467265512e-05,4.085392661054224e-05,1.099863544760974e-14,8871,DOP853,1e-08,1e-10,0.026572230525724643,0.02675308449387475,,,,,
temporal,kv,0.0,0.0592,4.0,independent32_seed33,0.001,0.02,0.2,1.0,equal_current,case0133,0.005882945692065045,0.002,7.13137602461611e-05,0.00982311312210851,-2.511185703824026e-11,1.0038925246647068e-07,0.0,0.0,,3.689413510810091e-07,3.1339543033703185e-09,8.112893088417928e-06,8.176871345138777e-06,1.099863544760974e-14,8847,DOP853,1e-08,1e-10,0.02657223048549789,0.026606272189968572,,,,,
temporal,kv,0.0,0.0592,4.0,independent32_seed33,0.01,0.01,0.2,1.0,equal_charge,case0134,0.02271851440503042,0.01,0.0003563820956964947,0.014297807492994207,1.777744618181032e-11,1.4059460540227775e-07,0.0,0.0,,5.166111811776009e-07,4.512857277718092e-09,4.05632534999102e-05,4.0851910018381714e-05,1.0998635447609737e-14,8889,DOP853,1e-08,1e-10,0.0265722305048017,0.02673999213139066,,,,,
temporal,kv,0.0,0.0592,4.0,independent32_seed33,0.01,0.02,0.2,1.0,equal_current,case0135,0.045435442330515885,0.01,0.000712650759336686,0.014294589373090328,-2.831068712794149e-12,1.0477464729152786e-07,0.0,0.0,,3.847366224002044e-07,3.534994885025946e-09,8.111439826823535e-05,8.169357884027596e-05,1.0998635447609737e-14,8859,DOP853,1e-08,1e-10,0.02657223049761554,0.02691378319013215,,,,,
temporal,kv,0.0,0.0592,4.0,independent32_seed33,0.1,0.001,0.2,1.0,equal_charge,case0136,0.0035657879281225657,0.045,0.00034947688186170295,0.058439445432469546,-4.760081218080359e-12,1.3017069366849654e-07,0.0,0.0,,4.779994253927347e-07,4.373191994813149e-09,4.0567999788623926e-05,4.0730530969710045e-05,1.0998635447609737e-14,8862,DOP853,1e-08,1e-10,0.026572230500060034,0.026666630976469468,,,,,
temporal,kv,0.0,0.0592,4.0,independent32_seed33,0.1,0.02,0.2,1.0,equal_current,case0137,0.07126672870366724,0.045,0.006982885674125057,0.05841960835381118,-4.760150607019398e-10,8.994782835225479e-07,0.0,0.0,,3.3171879106628013e-06,2.6137865977741866e-08,0.0008109494786922408,0.0008142611892378904,1.0998635447609737e-14,9009,DOP853,1e-08,1e-10,0.026572227903845454,0.028537232621350696,,,,,
temporal,kv,0.0,0.0592,4.0,cut,0.001,0.1,0.2,1.0,equal_charge,case0138,3.33361810378463e-09,0.802,2.0482415069578168e-10,0.8322979722626709,-1.7208456881689926e-12,6.630335169788282e-09,0.0,0.0,,2.463112697744657e-08,2.3000428982571433e-10,-8.912648601006044e-08,1.2289109216634395e-09,7.66053886991358e-15,8835,DOP853,1e-08,1e-10,0.0265721969685687,0.026847156530984826,,,,,
temporal,kv,0.0,0.0592,4.0,cut,0.001,0.02,0.2,1.0,equal_current,case0139,1.8570492366087876e-09,0.6880000000000001,1.135576840893826e-10,0.7858839123083373,-8.81239525796218e-12,3.907576553996428e-07,0.0,0.0,,1.4365169316446838e-06,1.2159431975283195e-08,-1.7378360717773543e-08,7.77049381339712e-10,7.66053886991358e-15,8811,DOP853,1e-08,1e-10,0.026572223976818073,0.026623356949730292,,,,,
temporal,kv,0.0,0.0592,4.0,cut,0.01,0.01,0.2,1.0,equal_charge,case0140,2.971706214438541e-09,0.788,1.722040669782655e-10,0.8376462415020957,3.469446951953614e-14,2.6641099049040662e-08,0.0,0.0,,9.766930545579422e-08,1.0420177413308242e-09,-9.599509614335866e-08,1.0711451517708693e-09,7.66053886991358e-15,8844,DOP853,1e-08,1e-10,0.026572194780138284,0.026825815346993097,,,,,
temporal,kv,0.0,0.0592,4.0,cut,0.01,0.02,0.2,1.0,equal_current,case0141,3.188074804150176e-09,0.8260000000000001,1.6743715788858357e-10,0.8533454347890277,2.1087298573974067e-11,4.035253797773919e-07,0.0,0.0,,1.4828806357098864e-06,1.3006536538486403e-08,-1.9362680879604636e-07,1.5890712230237643e-09,7.66053886991358e-15,8862,DOP853,1e-08,1e-10,0.02657215804532529,0.027092675500223783,,,,,
temporal,kv,0.0,0.0592,4.0,cut,0.1,0.001,0.2,1.0,equal_charge,case0142,3.5244585028237907e-09,0.861,1.848021562167457e-10,0.8540673335198828,1.672273430841642e-12,7.748802988150061e-08,0.0,0.0,,2.8419777414658703e-07,2.9223278850289846e-09,-2.511614715757365e-07,5.4437185562084035e-09,7.66053886991358e-15,8868,DOP853,1e-08,1e-10,0.026572139265123886,0.026715338569842855,,,,,
temporal,kv,0.0,0.0592,4.0,cut,0.1,0.02,0.2,1.0,equal_current,case0143,3.0976957110517844e-09,0.997,7.571626658986469e-11,0.9320803087355195,-7.461392614871443e-11,4.338650966273505e-08,0.0,0.0,,1.7063113513272887e-07,9.505916136825302e-09,-5.102270548902749e-06,5.871647522914802e-10,7.66053886991358e-15,8934,DOP853,1e-08,1e-10,0.026570351765582808,0.029612564193042604,,,,,
memory,bistable,4.0,0.0148,1.0,original,0.02,0.0741357421875,0.02,2.0,,case0144,0.8556531712977933,0.052000000000000005,1.5572893579956342,1.0081488848218956,0.7850108686145509,38.55432504428178,0.0,0.0,,4.144579644760338e-13,1.200241107702872e-13,0.13614241737070526,0.13614241737070526,2.706168622523819e-15,6427,DOP853,1e-08,1e-10,0.027555593451844714,0.3067490417166062,0.9,,,,
memory,bistable,4.0,0.0148,1.0,original,0.02,0.0741357421875,0.05,2.0,,case0145,0.8556531901931924,0.052000000000000005,1.5572893580513565,1.00814888478824,0.7850108686145649,38.55432504428122,0.0,0.0,,1.0878017236981563e-12,7.351476784680091e-13,0.13614241728563026,0.13614241728563026,2.706168622523819e-15,6444,DOP853,1e-08,1e-10,0.027555593451844714,0.30674911186404435,0.9,,,,
memory,bistable,4.0,0.0148,1.0,original,0.02,0.0741357421875,0.2,2.0,,case0146,0.8556531712977933,0.052000000000000005,1.5572893579956346,1.0081488848218971,0.785010868614544,38.55432504428207,0.0,0.0,,1.1560630924778437e-12,1.8753767307857374e-13,0.13614241737070526,0.13614241737070526,2.706168622523819e-15,6444,DOP853,1e-08,1e-10,0.027555593451844714,0.3067490417166062,0.9,,,,
memory,bistable,4.0,0.0148,1.0,original,0.02,0.0741357421875,0.5,2.0,,case0147,0.8556531712977933,0.052000000000000005,1.557289357995634,1.008148884821896,0.7850108686145163,38.55432504428195,0.0,0.0,,1.1459149601433793e-12,1.8050501033812722e-13,0.1361424173707053,0.1361424173707053,2.706168622523819e-15,6444,DOP853,1e-08,1e-10,0.027555593451844714,0.3067490417166062,0.9,,,,
memory,bistable,4.0,0.0148,1.0,original,0.02,0.08237304687500001,0.02,2.0,,case0148,65.99704021939768,0.108,111.76561634153745,1.0450210309176307,58.51837888072404,58.51837888072406,1.0,1.0,0.032,2.7755575615628914e-15,5.2510548462000647e-14,0.005717125672220006,0.00584811091477402,2.706168622523819e-15,35692,DOP853,1e-12,1e-14,0.027555593451845068,0.6444347251381728,1.0,True,,,
memory,bistable,4.0,0.0148,1.0,original,0.02,0.08237304687500001,0.05,2.0,,case0149,65.99704021939294,0.108,111.76561634153938,1.0450210309176142,58.51837888072404,58.51837888072406,1.0,1.0,0.032,2.7755575615628914e-15,5.2510548462000647e-14,0.0057171256722092665,0.005848110914763029,2.706168622523819e-15,35694,DOP853,1e-12,1e-14,0.027555593451845068,0.6444347251381725,1.0,True,,,
memory,bistable,4.0,0.0148,1.0,original,0.02,0.08237304687500001,0.2,2.0,,case0150,65.99704021939768,0.108,111.76561634153745,1.0450210309176307,58.51837888072404,58.51837888072406,1.0,1.0,0.032,5.551115123125783e-15,5.2510548462000647e-14,0.0057171256722200175,0.00584811091477403,2.706168622523819e-15,35706,DOP853,1e-12,1e-14,0.027555593451845068,0.6444347251381728,1.0,True,,,
memory,bistable,4.0,0.0148,1.0,original,0.02,0.08237304687500001,0.5,2.0,,case0151,65.99704021939768,0.108,111.76561634153745,1.0450210309176307,58.51837888072404,58.51837888072406,1.0,1.0,0.032,5.551115123125783e-15,5.2510548462000647e-14,0.005717125672220022,0.005848110914774035,2.706168622523819e-15,35706,DOP853,1e-12,1e-14,0.027555593451845068,0.6444347251381728,1.0,True,,,
memory,bistable,4.0,0.0148,1.0,original,0.02,0.09061035156250001,0.02,2.0,,case0152,66.0140653419072,0.059000000000000004,114.55004789033597,1.0212513285825804,58.51837888072414,58.51837888116697,1.0,1.0,0.019,8.750028479553862e-10,6.690669039820428e-10,0.00253774329115348,0.0026647380835276915,2.706168622523819e-15,11008,DOP853,1e-08,1e-10,0.027555593451845068,0.6441411317476483,1.1,,,,
memory,bistable,4.0,0.0148,1.0,original,0.02,0.09061035156250001,0.05,2.0,,case0153,66.01406534011919,0.059000000000000004,114.5500478902724,1.0212513285831162,58.51837888072416,58.51837888120961,1.0,1.0,0.019,9.707512571566213e-10,7.423116175796106e-10,0.002537743291351827,0.0026647380793869274,2.706168622523819e-15,11058,DOP853,1e-08,1e-10,0.027555593451845068,0.6441411317476509,1.1,,,,
memory,bistable,4.0,0.0148,1.0,original,0.02,0.09061035156250001,0.2,2.0,,case0154,66.0140653419072,0.059000000000000004,114.55004789033556,1.0212513285825857,58.518378880725294,58.51837888604859,1.0,1.0,0.019,1.054294984648152e-08,8.062169550578652e-09,0.0025377432915350702,0.0026647380879427636,2.706168622523819e-15,11010,DOP853,1e-08,1e-10,0.027555593451845068,0.6441411317476483,1.1,,,,
memory,bistable,4.0,0.0148,1.0,original,0.02,0.09061035156250001,0.5,2.0,,case0155,66.0140653419072,0.059000000000000004,114.55004789033654,1.0212513285825784,58.51837888072431,58.51837888188079,1.0,1.0,0.019,2.2906981866910314e-09,1.7516993861438794e-09,0.0025377432906249996,0.002664738082461803,2.706168622523819e-15,10998,DOP853,1e-08,1e-10,0.027555593451845068,0.6441411317476483,1.1,,,,
memory,bistable,4.0,0.0148,1.0,interface_10pct,0.02,0.0741357421875,0.02,2.0,,case0156,66.46150784857647,0.054,114.78908092203442,1.019212413225563,58.51837888070779,58.518378917131045,1.0,1.0,0.022,1.0307730502479018e-07,7.882968302143769e-08,0.0032451929174882985,0.003415169506091517,2.42861286636753e-15,11047,DOP853,1e-08,1e-10,0.027555593451844777,0.6449375303343952,0.9,,,,
memory,bistable,4.0,0.0148,1.0,interface_10pct,0.02,0.0741357421875,0.05,2.0,,case0157,64.56619862612422,0.078,113.58231800712221,1.0295207826210713,58.51837888072347,58.51837889422805,1.0,1.0,0.052000000000000005,2.0346349605127045e-08,1.555787030736309e-08,0.006816520114332384,0.009269706095450417,2.42861286636753e-15,10488,DOP853,1e-08,1e-10,0.027555593451844777,0.6476922303221593,0.9,,,,
memory,bistable,4.0,0.0148,1.0,interface_10pct,0.02,0.0741357421875,0.2,2.0,,case0158,64.57221455990735,0.228,105.0459517613737,1.102227937537091,58.518378880721905,58.51837894873294,1.0,1.0,0.202,1.024685697403882e-07,7.83525271690704e-08,0.03080442093590641,0.034036014593739325,2.42861286636753e-15,12303,DOP853,1e-08,1e-10,0.027555593451844777,0.6473235561099736,0.9,,,,
memory,bistable,4.0,0.0148,1.0,interface_10pct,0.02,0.0741357421875,0.5,2.0,,case0159,64.57221431498014,0.528,87.996337979869,1.24605394281131,58.518378880723645,58.518378892765305,1.0,1.0,0.502,1.8142490287864632e-08,1.3872634272558257e-08,0.08087865990849544,0.08411025412725108,2.42861286636753e-15,12303,DOP853,1e-08,1e-10,0.027555593451844777,0.6473235614170488,0.9,,,,
memory,bistable,4.0,0.0148,1.0,interface_10pct,0.02,0.08237304687500001,0.02,2.0,,case0160,66.50965126895129,0.053,114.84813560695375,1.0187081491979022,58.518378880716675,58.51837890955227,1.0,1.0,0.022,4.714708623509978e-08,3.605646562102274e-08,0.0034279953398248164,0.0036226761989762452,2.42861286636753e-15,10816,DOP853,1e-08,1e-10,0.02755559345184366,0.645479703919212,1.0,,,,
memory,bistable,4.0,0.0148,1.0,interface_10pct,0.02,0.08237304687500001,0.05,2.0,,case0161,64.55137635472599,0.078,113.58592983193604,1.029489423184033,58.51837888072408,58.518378881593975,1.0,1.0,0.052000000000000005,1.5571932632241214e-09,1.1907066924035572e-09,0.006909062570103537,0.009469541083865041,2.42861286636753e-15,12063,DOP853,1e-08,1e-10,0.02755559345184366,0.6477546439203297,1.0,,,,
memory,bistable,4.0,0.0148,1.0,interface_10pct,0.02,0.08237304687500001,0.2,2.0,,case0162,64.57221453947284,0.228,105.04835339779663,1.1022035630749651,58.51837888072192,58.518378948725704,1.0,1.0,0.202,1.0245777559703129e-07,7.834418549337188e-08,0.031041383806016985,0.034272977549619,2.42861286636753e-15,12117,DOP853,1e-08,1e-10,0.02755559345184366,0.6473235567601526,1.0,,,,
memory,bistable,4.0,0.0148,1.0,interface_10pct,0.02,0.08237304687500001,0.5,2.0,,case0163,64.57221431498006,0.528,87.99873959495567,1.2460209208296813,58.51837888072365,58.51837889277138,1.0,1.0,0.502,1.815164962781779e-08,1.387965568303832e-08,0.08111562334300848,0.08434721756186538,2.42861286636753e-15,11841,DOP853,1e-08,1e-10,0.02755559345184366,0.6473235614170765,1.0,,,,
memory,bistable,4.0,0.0148,1.0,interface_10pct,0.02,0.09061035156250001,0.02,2.0,,case0164,66.49151521447259,0.052000000000000005,114.89244381072957,1.0183297821818678,58.51837888072447,58.51837888256674,1.0,1.0,0.022,2.9070690299448643e-09,2.22306407516649e-09,0.0035595103669131727,0.0037730645733725465,2.42861286636753e-15,10867,DOP853,1e-08,1e-10,0.02755559345184428,0.6460462530735137,1.1,,,,
memory,bistable,4.0,0.0148,1.0,interface_10pct,0.02,0.09061035156250001,0.05,2.0,,case0165,64.54588592706781,0.078,113.58779465099309,1.0294731172968592,58.51837888072351,58.51837889373513,1.0,1.0,0.052000000000000005,1.960363815722843e-08,1.4989976227253477e-08,0.006975821969346446,0.009610513695842041,2.42861286636753e-15,10383,DOP853,1e-08,1e-10,0.02755559345184428,0.6478024850758759,1.1,,,,
memory,bistable,4.0,0.0148,1.0,interface_10pct,0.02,0.09061035156250001,0.2,2.0,,case0166,64.57221452539123,0.228,105.05012075892861,1.1021856057720236,58.518378880721926,58.518378948713,1.0,1.0,0.202,1.02438443838615e-07,7.832956505637867e-08,0.031215772736522537,0.03444736653669519,2.42861286636753e-15,12093,DOP853,1e-08,1e-10,0.02755559345184428,0.6473235571903716,1.1,,,,
memory,bistable,4.0,0.0148,1.0,interface_10pct,0.02,0.09061035156250001,0.5,2.0,,case0167,64.57221431498014,0.528,88.00050694179373,1.2459965962058053,58.518378880723645,58.518378892765455,1.0,1.0,0.502,1.814270123023931e-08,1.3872806807217489e-08,0.08129001264962105,0.08452160686843009,2.42861286636753e-15,12093,DOP853,1e-08,1e-10,0.02755559345184428,0.6473235614170519,1.1,,,,
memory,bistable,4.0,0.0148,1.0,independent32_seed11,0.02,0.0741357421875,0.02,2.0,,case0168,0.8563648427360043,0.052000000000000005,1.557343986544361,1.008114593065269,0.7850108686145372,38.55432504428127,0.0,0.0,,6.078471059822732e-13,6.56381855775008e-13,0.1361426438728543,0.1361426438728543,1.2643102996923762e-15,6427,DOP853,1e-08,1e-10,0.02755559345184472,0.30678216163434985,0.9,,,,
memory,bistable,4.0,0.0148,1.0,independent32_seed11,0.02,0.0741357421875,0.05,2.0,,case0169,0.8802515006037653,0.055,1.558026085289009,1.0076987706653036,0.7850108686145509,38.55432504428186,0.0,0.0,,2.5261910618912253e-13,4.0086177620545134e-14,0.13611882647399248,0.13611882647399248,1.2643102996923762e-15,6501,DOP853,1e-08,1e-10,0.02755559345184472,0.30971954875984825,0.9,,,,
memory,bistable,4.0,0.0148,1.0,independent32_seed11,0.02,0.0741357421875,0.2,2.0,,case0170,0.877955067877384,0.055,1.5592641949501929,1.0070016462154465,0.7850108686145787,38.554325044281875,0.0,0.0,,1.4746233747975346e-13,2.2504520769428846e-14,0.13598864677549719,0.13598864677549719,1.3530843112619095e-15,6501,DOP853,1e-08,1e-10,0.02755559345184472,0.31182549816788463,0.9,,,,
memory,bistable,4.0,0.0148,1.0,independent32_seed11,0.02,0.0741357421875,0.5,2.0,,case0171,0.877955067877384,0.055,1.5612191186702762,1.0062033689502707,0.785010868614544,38.55432504428196,0.0,0.0,,1.807581861967833e-13,7.126431576985802e-14,0.13573063535780822,0.13573063535780822,1.32519321037472e-15,6501,DOP853,1e-08,1e-10,0.02755559345184472,0.31182549816788463,0.9,,,,
memory,bistable,4.0,0.0148,1.0,independent32_seed11,0.02,0.08237304687500001,0.02,2.0,,case0172,66.06499969314679,0.079,113.39466432734108,1.0311174608677551,58.51837888076322,58.51837904830656,1.0,1.0,0.025,2.9572418402956657e-07,2.2614163544768197e-07,0.0037592374895972897,0.0038890964167587567,1.2643102996923762e-15,10939,DOP853,1e-08,1e-10,0.027555593451844718,0.6443025875671586,1.0,,,,
memory,bistable,4.0,0.0148,1.0,independent32_seed11,0.02,0.08237304687500001,0.05,2.0,,case0173,66.4221919770612,0.07100000000000001,113.8527914619996,1.0272061364079883,58.518378880725336,58.518378886146344,1.0,1.0,0.023,8.16861023267279e-09,6.2470449233996e-09,0.003213418656753205,0.0032973614373190043,1.2643102996923762e-15,11013,DOP853,1e-08,1e-10,0.027555593451844718,0.6441617854587248,1.0,,,,
memory,bistable,4.0,0.0148,1.0,independent32_seed11,0.02,0.08237304687500001,0.2,2.0,,case0174,66.32893655399238,0.07100000000000001,113.83797833661573,1.0273318777812437,58.51837888072917,58.518378932052705,1.0,1.0,0.023,1.0833264840748313e-07,8.283764065088295e-08,0.003130537576117189,0.0032514717350009947,1.2643102996923762e-15,10965,DOP853,1e-08,1e-10,0.027555593451844718,0.6441460621774978,1.0,,,,
memory,bistable,4.0,0.0148,1.0,independent32_seed11,0.02,0.08237304687500001,0.5,2.0,,case0175,66.32893655399238,0.07100000000000001,113.83797833669794,1.027331877780654,58.51837888072675,58.518378891869325,1.0,1.0,0.023,2.355060035874601e-08,1.8008717640250816e-08,0.003130537664236082,0.0032514725360682523,1.2643102996923762e-15,10950,DOP853,1e-08,1e-10,0.027555593451844718,0.6441460621774978,1.0,,,,
memory,bistable,4.0,0.0148,1.0,independent32_seed11,0.02,0.09061035156250001,0.02,2.0,,case0176,66.12367761438267,0.058,114.60245757569436,1.020803833091857,58.5183788807115,58.51837894087467,1.0,1.0,0.018000000000000002,9.062197936504646e-08,6.929930353284764e-08,0.0024685564647759575,0.002591785254101387,1.2643102996923762e-15,10885,DOP853,1e-08,1e-10,0.027555593451845068,0.6441191889282314,1.1,,,,
memory,bistable,4.0,0.0148,1.0,independent32_seed11,0.02,0.09061035156250001,0.05,2.0,,case0177,66.2918505703592,0.059000000000000004,114.57471393709488,1.0210400869387977,58.51837888072235,58.518378896557245,1.0,1.0,0.018000000000000002,2.3855281638951453e-08,1.8241339369937477e-08,0.0025350303445460564,0.002626387589284683,1.2643102996923762e-15,10875,DOP853,1e-08,1e-10,0.027555593451845068,0.6441079963160393,1.1,,,,
memory,bistable,4.0,0.0148,1.0,independent32_seed11,0.02,0.09061035156250001,0.2,2.0,,case0178,66.19772970680212,0.059000000000000004,114.57294208539864,1.0210550853666374,58.51837888071282,58.51837899305045,1.0,1.0,0.018000000000000002,1.6923819845526822e-07,1.2941051383650134e-07,0.0024208782338176684,0.002551645510286724,1.2643102996923762e-15,10878,DOP853,1e-08,1e-10,0.027555593451845068,0.6440933366967084,1.1,,,,
memory,bistable,4.0,0.0148,1.0,independent32_seed11,0.02,0.09061035156250001,0.5,2.0,,case0179,66.19772970680212,0.059000000000000004,114.57294208542083,1.0210550853664748,58.51837888069073,58.51837907202965,1.0,1.0,0.018000000000000002,2.882267258197402e-07,2.2040214998420914e-07,0.002420878259111822,0.002551646427911154,1.2643102996923762e-15,9516,DOP853,1e-08,1e-10,0.027555593451845068,0.6440933366967084,1.1,,,,
memory,bistable,4.0,0.0148,1.0,independent32_seed22,0.02,0.0741357421875,0.02,2.0,,case0180,0.8560070716279594,0.052000000000000005,1.557337323906415,1.0081186347184468,0.7850108686145302,38.554325044282336,0.0,0.0,,4.218847493575595e-13,4.950994569274346e-13,0.13614422691805028,0.13614422691805028,1.124100812432971e-15,6427,DOP853,1e-08,1e-10,0.02755559345184475,0.3067650086502937,0.9,,,,
memory,bistable,4.0,0.0148,1.0,independent32_seed22,0.02,0.0741357421875,0.05,2.0,,case0181,0.870867247208057,0.052000000000000005,1.5577905727143386,1.0078404691854865,0.7850108686145509,38.554325044281875,0.0,0.0,,1.9711879697958956e-13,3.446004742818792e-14,0.13613760660633412,0.13613760660633412,1.1029978898414125e-15,6501,DOP853,1e-08,1e-10,0.02755559345184475,0.307969859622801,0.9,,,,
memory,bistable,4.0,0.0148,1.0,independent32_seed22,0.02,0.0741357421875,0.2,2.0,,case0182,0.8713768958430873,0.053,1.5590743398433569,1.0071186201413214,0.7850108686145649,38.55432504428214,0.0,0.0,,3.1707492534338577e-13,2.21294454232717e-13,0.1361088357226816,0.1361088357226816,1.35790901092947e-15,6501,DOP853,1e-08,1e-10,0.02755559345184475,0.3089294475803495,0.9,,,,
memory,bistable,4.0,0.0148,1.0,independent32_seed22,0.02,0.0741357421875,0.5,2.0,,case0183,0.8713768958430873,0.053,1.5614498185082155,1.0061356240636117,0.785010868614544,38.55432504428172,0.0,0.0,,3.1317179752243796e-13,1.8003616615543077e-13,0.13605356490557852,0.13605356490557852,1.35790901092947e-15,6501,DOP853,1e-08,1e-10,0.02755559345184475,0.3089294475803495,0.9,,,,
memory,bistable,4.0,0.0148,1.0,independent32_seed22,0.02,0.08237304687500001,0.02,2.0,,case0184,65.99562504864753,0.085,113.08461094456533,1.0337642464316217,58.51837888072257,58.518378885908874,1.0,1.0,0.028,9.402045808570847e-09,7.190359418984826e-09,0.004116134603665701,0.0042478713950321045,1.1029978898414125e-15,11032,DOP853,1e-08,1e-10,0.027555593451844742,0.6443504221166166,1.0,,,,
memory,bistable,4.0,0.0148,1.0,independent32_seed22,0.02,0.08237304687500001,0.05,2.0,,case0185,65.76326151870452,0.076,113.5855418886485,1.0294875395547558,58.51837888072397,58.51837888105551,1.0,1.0,0.025,5.240002876050198e-10,4.007905118896815e-10,0.003404836701059358,0.0035217669226060688,1.787334386396666e-15,10977,DOP853,1e-08,1e-10,0.027555593451844742,0.6442473501809066,1.0,,,,
memory,bistable,4.0,0.0148,1.0,independent32_seed22,0.02,0.08237304687500001,0.2,2.0,,case0186,65.4198944588806,0.078,113.55236169312292,1.0297692699938708,58.518378880727695,58.5183790085682,1.0,1.0,0.025,2.1159124174996435e-07,1.6179293640574866e-07,0.00352819921809976,0.003656257569811948,1.787334386396666e-15,9285,DOP853,1e-08,1e-10,0.027555593451844742,0.6442417560570464,1.0,,,,
memory,bistable,4.0,0.0148,1.0,independent32_seed22,0.02,0.08237304687500001,0.5,2.0,,case0187,65.4198944588806,0.078,113.55236169309093,1.0297692699941072,58.51837888072571,58.51837888771052,1.0,1.0,0.025,1.0524955906809907e-08,8.049124430039307e-09,0.0035281991836367387,0.003656258045628338,1.787334386396666e-15,10908,DOP853,1e-08,1e-10,0.027555593451844742,0.6442417560570464,1.0,,,,
memory,bistable,4.0,0.0148,1.0,independent32_seed22,0.02,0.09061035156250001,0.02,2.0,,case0188,65.96596876010878,0.059000000000000004,114.57924503906533,1.0210019407636433,58.51837888072038,58.518378898330035,1.0,1.0,0.019,2.6524921148407543e-08,2.0283782161408532e-08,0.0024654157801055204,0.0025959663232029044,1.1029978898414125e-15,10957,DOP853,1e-08,1e-10,0.027555593451845068,0.6441301334771363,1.1,,,,
memory,bistable,4.0,0.0148,1.0,independent32_seed22,0.02,0.09061035156250001,0.05,2.0,,case0189,65.78043866079014,0.06,114.55483041637748,1.021209135824878,58.51837888072679,58.51837889230084,1.0,1.0,0.019,1.744025757144385e-08,1.3337634300306625e-08,0.002596199014753219,0.002713327480103738,1.1029978898414125e-15,10950,DOP853,1e-08,1e-10,0.027555593451845068,0.6441212456421717,1.1,,,,
memory,bistable,4.0,0.0148,1.0,independent32_seed22,0.02,0.09061035156250001,0.2,2.0,,case0190,65.6296549076939,0.06,114.5513248856264,1.0212388100394238,58.51837888078361,58.51837912624445,1.0,1.0,0.019,5.605202274550081e-07,4.286183120139664e-07,0.0026358518171664016,0.0027670554860247595,1.1029978898414125e-15,9345,DOP853,1e-08,1e-10,0.027555593451845068,0.6441135422401881,1.1,,,,
memory,bistable,4.0,0.0148,1.0,independent32_seed22,0.02,0.09061035156250001,0.5,2.0,,case0191,65.6296549076939,0.06,114.55132488562332,1.0212388100394378,58.51837888072156,58.518378888547566,1.0,1.0,0.019,1.5883425130702733e-08,1.2147047632013838e-08,0.0026358518125010823,0.0027670552623779566,1.1029978898414125e-15,10926,DOP853,1e-08,1e-10,0.027555593451845068,0.6441135422401881,1.1,,,,
memory,bistable,4.0,0.0148,1.0,independent32_seed33,0.02,0.0741357421875,0.02,2.0,,case0192,0.8577718727287507,0.051000000000000004,1.557628646329926,1.0079346729369638,0.7850108686145509,38.554325044281775,0.0,0.0,,3.558243109880177e-13,1.1252260384714423e-13,0.13616244597975816,0.13616244597975816,1.0427877586734181e-15,6427,DOP853,1e-08,1e-10,0.02755559345184471,0.3068539733397786,0.9,,,,
memory,bistable,4.0,0.0148,1.0,independent32_seed33,0.02,0.0741357421875,0.05,2.0,,case0193,66.10422027172098,0.082,113.24736818971616,1.0323778436906585,58.51837888072368,58.51837888276946,1.0,1.0,0.045,3.0816543761247317e-09,2.3565308863430494e-09,0.004350627109098902,0.004465385651023273,1.0427877586734181e-15,11031,DOP853,1e-08,1e-10,0.02755559345184471,0.6440915937519154,0.9,,,,
memory,bistable,4.0,0.0148,1.0,independent32_seed33,0.02,0.0741357421875,0.2,2.0,,case0194,65.67525179827753,0.083,113.22356847827005,1.0325798980609304,58.518378880683116,58.51837931996556,1.0,1.0,0.045,6.617795950125682e-07,5.060476062214848e-07,0.0040575526138799415,0.004188064494647354,1.0427877586734181e-15,9618,DOP853,1e-08,1e-10,0.02755559345184471,0.6440694695332639,0.9,,,,
memory,bistable,4.0,0.0148,1.0,independent32_seed33,0.02,0.0741357421875,0.5,2.0,,case0195,65.67525179827753,0.083,113.22356847843969,1.0325798980596848,58.51837888072013,58.51837889002261,1.0,1.0,0.045,2.4794366559888203e-08,1.8961776593329205e-08,0.004057552779975517,0.0041880645935429605,1.0427877586734181e-15,10914,DOP853,1e-08,1e-10,0.02755559345184471,0.6440694695332639,0.9,,,,
memory,bistable,4.0,0.0148,1.0,independent32_seed33,0.02,0.08237304687500001,0.02,2.0,,case0196,66.07668369253855,0.068,114.03399591162375,1.0256589700024927,58.518378880698464,58.518378990633344,1.0,1.0,0.024,1.6558656668053118e-07,1.2662613450279685e-07,0.0033918966182406815,0.003512381022837208,1.124398332755694e-15,10852,DOP853,1e-08,1e-10,0.027555593451844704,0.6441180148445622,1.0,,,,
memory,bistable,4.0,0.0148,1.0,independent32_seed33,0.02,0.08237304687500001,0.05,2.0,,case0197,66.1174098840833,0.062,114.36331417175734,1.0228465741928934,58.51837888072516,58.51837888547779,1.0,1.0,0.024,1.0676257100605824e-08,8.16407752212955e-09,0.002895791370550044,0.0030479483647133138,1.124398332755694e-15,10944,DOP853,1e-08,1e-10,0.027555593451844704,0.6439455766936233,1.0,,,,
memory,bistable,4.0,0.0148,1.0,independent32_seed33,0.02,0.08237304687500001,0.2,2.0,,case0198,65.66848338528519,0.063,114.35197601005333,1.0229425993494323,58.518378880713826,58.51837903197165,1.0,1.0,0.024,2.2787789433209582e-07,1.742514165991837e-07,0.002859592053673349,0.003015652557288155,1.124398332755694e-15,9372,DOP853,1e-08,1e-10,0.027555593451844704,0.643921071028708,1.0,,,,
memory,bistable,4.0,0.0148,1.0,independent32_seed33,0.02,0.08237304687500001,0.5,2.0,,case0199,65.66848338528519,0.063,114.35197601007489,1.0229425993492849,58.518378880743434,58.518378962282,1.0,1.0,0.024,1.2286547612649912e-07,9.396293052941627e-08,0.0028595920828305213,0.0030156530988551516,1.124398332755694e-15,9648,DOP853,1e-08,1e-10,0.027555593451844704,0.643921071028708,1.0,,,,
memory,bistable,4.0,0.0148,1.0,independent32_seed33,0.02,0.09061035156250001,0.02,2.0,,case0200,66.026551439281,0.057,114.69405632670724,1.0200216715323167,58.51837888072432,58.51837888191553,1.0,1.0,0.019,1.7949891573110222e-09,1.3727232563866977e-09,0.0027470265903316526,0.002846722682430221,1.0427877586734181e-15,10813,DOP853,1e-08,1e-10,0.027555593451845068,0.6440703276314363,1.1,,,,
memory,bistable,4.0,0.0148,1.0,independent32_seed33,0.02,0.09061035156250001,0.05,2.0,,case0201,66.04440648985828,0.057,114.66993297524175,1.0202268579615337,58.51837888072124,58.51837892954707,1.0,1.0,0.019,7.355968056899087e-08,5.624869939194124e-08,0.002425767658145136,0.0025701656057477685,1.136921503122612e-15,11010,DOP853,1e-08,1e-10,0.027555593451845068,0.6440906750263681,1.1,,,,
memory,bistable,4.0,0.0148,1.0,independent32_seed33,0.02,0.09061035156250001,0.2,2.0,,case0202,65.65412452670236,0.058,114.66642441073813,1.0202565150364382,58.518378880728314,58.51837891958557,1.0,1.0,0.019,8.736591172731067e-08,6.680638024762802e-08,0.0023834395316388673,0.0025447976011477177,1.136921503122612e-15,11007,DOP853,1e-08,1e-10,0.027555593451845068,0.6440654511736723,1.1,,,,
memory,bistable,4.0,0.0148,1.0,independent32_seed33,0.02,0.09061035156250001,0.5,2.0,,case0203,65.65412452670236,0.058,114.66642441075692,1.0202565150363045,58.518378880738645,58.51837894213609,1.0,1.0,0.019,9.251610866289894e-08,7.075281801879659e-08,0.0023834395442711284,0.0025447982648945486,1.136921503122612e-15,9411,DOP853,1e-08,1e-10,0.027555593451845068,0.6440654511736723,1.1,,,,
memory,bistable,4.0,0.0148,1.0,cut,0.02,0.0741357421875,0.02,2.0,,case0204,66.49234239788305,0.053,114.83515849237658,1.018819411459209,58.5183788807626,58.518379044671114,1.0,1.0,0.022,2.4698227074626544e-07,1.888834509220925e-07,0.0033332245337742076,0.003535250849324566,2.2898349882893854e-15,9292,DOP853,1e-08,1e-10,0.027555593451844964,0.6452659637534981,0.9,,,,
memory,bistable,4.0,0.0148,1.0,cut,0.02,0.0741357421875,0.05,2.0,,case0205,64.51403874698597,0.079,113.51193902248087,1.0301260818008882,58.51837888072122,58.518378943095605,1.0,1.0,0.052000000000000005,9.397438105462896e-08,7.185782749611016e-08,0.0042115462280293905,0.00688856360343938,2.2898349882893854e-15,10479,DOP853,1e-08,1e-10,0.027555593451844964,0.648178630886337,0.9,,,,
memory,bistable,4.0,0.0148,1.0,cut,0.02,0.0741357421875,0.2,2.0,,case0206,64.57854516110629,0.229,104.71442302092436,1.1052957655761109,58.51837888070924,58.518379354639706,1.0,1.0,0.203,7.140452590315149e-07,5.459946233870987e-07,0.0033028352650772397,0.006589672012282764,2.2898349882893854e-15,12165,DOP853,1e-08,1e-10,0.027555593451843153,0.6478573073640768,0.9,,,,
memory,bistable,4.0,0.0148,1.0,cut,0.02,0.0741357421875,0.5,2.0,,case0207,64.57854517455,0.529,87.15890935362918,1.2552977279982473,58.51837888072192,58.51837894583116,1.0,1.0,0.503,9.809646983605091e-08,7.500937558767482e-08,0.003302835140577998,0.006589671959388979,2.2898349882893854e-15,12165,DOP853,1e-08,1e-10,0.027555593451843153,0.6478573083902195,0.9,,,,
memory,bistable,4.0,0.0148,1.0,cut,0.02,0.08237304687500001,0.02,2.0,,case0208,66.4668859064332,0.053,114.88290624506021,1.0184117103366057,58.51837888073193,58.51837891405233,1.0,1.0,0.022,5.020835414093483e-08,3.839752089858335e-08,0.003473518360422659,0.0036996294531753604,2.2898349882893854e-15,9259,DOP853,1e-08,1e-10,0.027555593451843115,0.6458800109634878,1.0,,,,
memory,bistable,4.0,0.0148,1.0,cut,0.02,0.08237304687500001,0.05,2.0,,case0209,64.51699353918465,0.079,113.51046668581648,1.0301386558941723,58.518378880722416,58.5183789182922,1.0,1.0,0.052000000000000005,5.6603460807380657e-08,4.328200710747711e-08,0.004104746246393457,0.006857704025111595,2.2898349882893854e-15,10581,DOP853,1e-08,1e-10,0.027555593451843115,0.6482341724614588,1.0,,,,
memory,bistable,4.0,0.0148,1.0,cut,0.02,0.08237304687500001,0.2,2.0,,case0210,64.5785451626983,0.229,104.71442302054272,1.105295765579376,58.51837888070918,58.51837935451415,1.0,1.0,0.203,7.138559271480105e-07,5.458499643275929e-07,0.0033028352497752674,0.006589672008158031,2.2898349882893854e-15,12144,DOP853,1e-08,1e-10,0.027555593451842865,0.6478573074857643,1.0,,,,
memory,bistable,4.0,0.0148,1.0,cut,0.02,0.08237304687500001,0.5,2.0,,case0211,64.57854517454989,0.529,87.15890935362921,1.2552977279982471,58.51837888072195,58.51837894581387,1.0,1.0,0.503,9.807062106848008e-08,7.49894965943285e-08,0.003302835140573495,0.006589671959229756,2.2898349882893854e-15,11883,DOP853,1e-08,1e-10,0.027555593451842865,0.6478573083902546,1.0,,,,
memory,bistable,4.0,0.0148,1.0,cut,0.02,0.09061035156250001,0.02,2.0,,case0212,66.51006925699622,0.052000000000000005,114.90749000331343,1.0182018473067298,58.51837888072669,58.51837889200582,1.0,1.0,0.022,1.699567431234783e-08,1.2997733520112095e-08,0.0036072611946971044,0.0038573124878043493,2.2898349882893854e-15,9391,DOP853,1e-08,1e-10,0.0275555934518449,0.6465015783165081,1.1,,,,
memory,bistable,4.0,0.0148,1.0,cut,0.02,0.09061035156250001,0.05,2.0,,case0213,64.52053343284194,0.079,113.50919061196268,1.0301495607258668,58.518378880721286,58.5183789450091,1.0,1.0,0.052000000000000005,9.685750257393266e-08,7.406231033862803e-08,0.0040292657846372,0.006833182224672555,2.2898349882893854e-15,10473,DOP853,1e-08,1e-10,0.0275555934518449,0.6482798216175508,1.1,,,,
memory,bistable,4.0,0.0148,1.0,cut,0.02,0.09061035156250001,0.2,2.0,,case0214,64.57854516376172,0.229,104.7144230202868,1.1052957655815658,58.518378880709164,58.51837935427961,1.0,1.0,0.203,7.135027874083377e-07,5.455797450452074e-07,0.003302835239504862,0.006589672005000894,2.2898349882893854e-15,12204,DOP853,1e-08,1e-10,0.027555593451843177,0.6478573075671621,1.1,,,,
memory,bistable,4.0,0.0148,1.0,cut,0.02,0.09061035156250001,0.5,2.0,,case0215,64.57854517454994,0.529,87.15890935362918,1.2552977279982473,58.518378880721926,58.518378945836545,1.0,1.0,0.503,9.810439405288918e-08,7.501561684143488e-08,0.0033028351405772066,0.006589671959287648,2.2898349882893854e-15,12189,DOP853,1e-08,1e-10,0.027555593451843177,0.6478573083902395,1.1,,,,
memory,excitable,4.0,0.0148,1.0,original,0.02,0.11504882812499999,0.02,2.0,,case0216,0.914260827601529,0.023,0.0234436088923796,0.02446139016059796,-1.1012024625500771e-11,1.4146323001895666e-10,0.019230769230769232,0.0,0.018000000000000002,1.3754405600585606e-12,6.259133211727885e-09,0.0019716595043549486,0.0020183861796165556,1.3461454173580023e-15,6592,DOP853,1e-08,1e-10,0.027464737291051155,0.9400106785225937,0.9,,,,
memory,excitable,4.0,0.0148,1.0,original,0.02,0.11504882812499999,0.05,2.0,,case0217,0.914260827601529,0.023,0.02344360888973125,0.024461390156814596,-1.10397802011164e-11,1.4170609130559342e-10,0.019230769230769232,0.0,0.018000000000000002,1.7164221433052518e-12,6.259173179756772e-09,0.0019716595063554647,0.0020183861796165556,1.1934897514720433e-15,6609,DOP853,1e-08,1e-10,0.027464737291048827,0.9400106785225937,0.9,,,,
memory,excitable,4.0,0.0148,1.0,original,0.02,0.11504882812499999,0.2,2.0,,case0218,0.914260827601529,0.023,0.0234436088923796,0.02446139016059796,-1.099120794378905e-11,1.4205997489469269e-10,0.019230769230769232,0.0,0.018000000000000002,1.7504227234343972e-12,6.259220919346831e-09,0.001971659504355036,0.0020183861796165556,1.304512053934559e-15,6609,DOP853,1e-08,1e-10,0.027464737291051155,0.9400106785225937,0.9,,,,
memory,excitable,4.0,0.0148,1.0,original,0.02,0.11504882812499999,0.5,2.0,,case0219,0.914260827601529,0.023,0.0234436088923796,0.02446139016059796,-1.1005085731596864e-11,1.4199752484955752e-10,0.019230769230769232,0.0,0.018000000000000002,1.6718939600812721e-12,6.259214258008683e-09,0.0019716595043548515,0.0020183861796165556,1.1726730697603216e-15,6609,DOP853,1e-08,1e-10,0.027464737291051155,0.9400106785225937,0.9,,,,
memory,excitable,4.0,0.0148,1.0,original,0.02,0.12783203124999998,0.02,2.0,,case0220,61.060320526714435,0.07200000000000001,6.053813042657477,0.11582757574873918,-5.353086030002174e-09,5.696942917410297e-09,1.0,0.0,0.016,5.74876951597858e-11,9.086755348164388e-08,0.0016570760949308765,0.0032448348465428404,1.1796119636642288e-15,8494,DOP853,1e-08,1e-10,0.026998523157584223,0.9400106785225937,1.0,,,,
memory,excitable,4.0,0.0148,1.0,original,0.02,0.12783203124999998,0.05,2.0,,case0221,61.0603204995351,0.07200000000000001,6.053813042565848,0.11582757572613744,-5.353099907789982e-09,5.696929039622489e-09,1.0,0.0,0.016,5.747511841458497e-11,9.086755348164388e-08,0.001657076112914961,0.003244834826199387,9.71445146547012e-16,8556,DOP853,1e-08,1e-10,0.026998523157677826,0.9400106785225937,1.0,,,,
memory,excitable,4.0,0.0148,1.0,original,0.02,0.12783203124999998,0.2,2.0,,case0222,61.060320526714435,0.07200000000000001,6.05381304267006,0.11582757574892076,-5.3530721522143665e-09,5.696942917410297e-09,1.0,0.0,0.016,5.7458226544737645e-11,9.08675545918669e-08,0.0016570760766948403,0.0032448348443708135,1.096345236817342e-15,8508,DOP853,1e-08,1e-10,0.026998523157590746,0.9400106785225937,1.0,,,,
memory,excitable,4.0,0.0148,1.0,original,0.02,0.12783203124999998,0.5,2.0,,case0223,61.060320526714435,0.07200000000000001,6.053813042657477,0.11582757574873918,-5.353037457744847e-09,5.696970672985913e-09,1.0,0.0,0.016,5.776105505353457e-11,9.086755792253598e-08,0.0016570760949307494,0.0032448348465427134,1.1796119636642288e-15,8511,DOP853,1e-08,1e-10,0.026998523157584223,0.9400106785225937,1.0,,,,
memory,excitable,4.0,0.0148,1.0,original,0.02,0.14061523437499998,0.02,2.0,,case0224,61.19019674881538,0.057,6.102236325949436,0.10250739580905205,-4.729459879282416e-09,5.001478398103387e-09,1.0,0.0,0.014,5.0454768401458905e-11,7.965597959014303e-08,0.0013211824344840023,0.0025743148193608316,1.0061396160665481e-15,8419,DOP853,1e-08,1e-10,0.027037373226685785,0.9400106785225937,1.1,,,,
memory,excitable,4.0,0.0148,1.0,original,0.02,0.14061523437499998,0.05,2.0,,case0225,61.190196762402,0.057,6.102236325917933,0.10250739580786597,-4.729480695964128e-09,5.001540848148522e-09,1.0,0.0,0.014,5.0477926959863195e-11,7.965598625148118e-08,0.0013211824068835843,0.0025743148168775915,1.2073675392798577e-15,8421,DOP853,1e-08,1e-10,0.027037373226741785,0.9400106785225937,1.1,,,,
memory,excitable,4.0,0.0148,1.0,original,0.02,0.14061523437499998,0.2,2.0,,case0226,61.19019674881538,0.057,6.102236325949436,0.10250739580905205,-4.729487634858032e-09,5.001575542618042e-09,1.0,0.0,0.014,5.059068398580169e-11,7.965599513326538e-08,0.0013211824347482564,0.0025743148196250855,1.0894063429134349e-15,8436,DOP853,1e-08,1e-10,0.027037373226683578,0.9400106785225937,1.1,,,,
memory,excitable,4.0,0.0148,1.0,original,0.02,0.14061523437499998,0.5,2.0,,case0227,61.19019674881538,0.057,6.102236325949436,0.10250739580905205,-4.729452940388512e-09,5.001492275891195e-09,1.0,0.0,0.014,5.0691503945821115e-11,7.965598292081211e-08,0.001321182434483863,0.0025743148193606924,1.0477729794899915e-15,8436,DOP853,1e-08,1e-10,0.027037373226685785,0.9400106785225937,1.1,,,,
memory,excitable,4.0,0.0148,1.0,interface_10pct,0.02,0.11504882812499999,0.02,2.0,,case0228,61.97968387007341,0.055,6.096484795649079,0.10115056646208698,-4.6418424659577795e-09,4.8170842315009565e-09,1.0,0.0,0.022,4.8600479109900396e-11,7.663963352833036e-08,0.0001841968442537273,0.003525507573278359,1.0685896612017132e-15,8326,DOP853,1e-08,1e-10,0.02705516441843669,0.9400106785225937,0.9,,,,
memory,excitable,4.0,0.0148,1.0,interface_10pct,0.02,0.11504882812499999,0.05,2.0,,case0229,59.078617418839244,0.08,5.8471399883710795,0.12017276622147781,-5.2618256973779864e-09,5.740949382548877e-09,1.0,0.0,0.052000000000000005,5.796361654542004e-11,9.2298283460579e-08,-0.007062188237223031,0.009280445622436698,1.0269562977782698e-15,9591,DOP853,1e-08,1e-10,0.027037237199524108,0.9400106785225937,0.9,,,,
memory,excitable,4.0,0.0148,1.0,interface_10pct,0.02,0.11504882812499999,0.2,2.0,,case0230,1.4879415478303502,0.063,0.1647341693767632,0.09525453170104328,-4.724137747658119e-10,4.506943429571919e-09,0.0,0.0,,4.5442631862319116e-11,7.441377847250408e-08,0.016475280718468925,0.017164028954107485,1.0894063429134349e-15,8430,DOP853,1e-08,1e-10,0.026960497561027374,0.940010678529632,0.9,,,,
memory,excitable,4.0,0.0148,1.0,interface_10pct,0.02,0.11504882812499999,0.5,2.0,,case0231,1.4879415478303502,0.063,0.1647341693767632,0.09525453170104328,-4.787698015817909e-10,4.506214845712009e-09,0.0,0.0,,4.54307598485304e-11,7.372302102126582e-08,0.016929717895250117,0.017164028954107485,1.0443064971533533e-15,8400,DOP853,1e-08,1e-10,0.027096644487850093,0.9400106785235255,0.9,,,,
memory,excitable,4.0,0.0148,1.0,interface_10pct,0.02,0.12783203124999998,0.02,2.0,,case0232,61.95513917607728,0.054,6.094740691666727,0.10054337397686623,-4.6103468265279446e-09,4.780904838685984e-09,1.0,0.0,0.022,4.832483154956768e-11,7.600774121208076e-08,0.0001394734906481326,0.003656650930980646,1.033895191682177e-15,8410,DOP853,1e-08,1e-10,0.027056826303320437,0.9400106785225937,1.0,,,,
memory,excitable,4.0,0.0148,1.0,interface_10pct,0.02,0.12783203124999998,0.05,2.0,,case0233,59.04760185409873,0.08,5.833559208347369,0.12000629131084205,-5.235166466999175e-09,5.723505003274454e-09,1.0,0.0,0.052000000000000005,5.773024202779253e-11,9.203840689586684e-08,-0.00741305273621143,0.00941856153992806,1.0130785099704553e-15,9642,DOP853,1e-08,1e-10,0.027037663184085882,0.9400106785225937,1.0,,,,
memory,excitable,4.0,0.0148,1.0,interface_10pct,0.02,0.12783203124999998,0.2,2.0,,case0234,1.4885081349062177,0.062,0.16485196194246904,0.09430832224099922,-4.68215743953948e-10,4.4641096375031e-09,0.0,0.0,,4.5034451428421773e-11,7.369023502512562e-08,0.016499792165755704,0.01717563345129668,1.061650767297806e-15,8427,DOP853,1e-08,1e-10,0.026972396572670542,0.940010678529406,1.0,,,,
memory,excitable,4.0,0.0148,1.0,interface_10pct,0.02,0.12783203124999998,0.5,2.0,,case0235,1.4885081349062177,0.062,0.16485196194246904,0.09430832224099922,-4.744746262552724e-10,4.463353298067574e-09,0.0,0.0,,4.5004169661744253e-11,7.301286908401039e-08,0.016941127708704325,0.01717563345129668,1.0685896612017132e-15,8397,DOP853,1e-08,1e-10,0.027098579927993822,0.9400106785235132,1.0,,,,
memory,excitable,4.0,0.0148,1.0,interface_10pct,0.02,0.14061523437499998,0.02,2.0,,case0236,61.98088596222894,0.054,6.092555559439703,0.10012356377016512,-4.587476232220666e-09,4.757298721624892e-09,1.0,0.0,0.022,4.8004872646445484e-11,7.563678572353183e-08,8.760933589356148e-05,0.003768224838783922,9.645062526431047e-16,8446,DOP853,1e-08,1e-10,0.027057927021020476,0.9400106785225937,1.1,,,,
memory,excitable,4.0,0.0148,1.0,interface_10pct,0.02,0.14061523437499998,0.05,2.0,,case0237,59.026091707978026,0.08,5.822135757137819,0.11987806741434738,-5.2135032402311765e-09,5.7092455763019245e-09,1.0,0.0,0.052000000000000005,5.764233491564741e-11,9.182955507114343e-08,-0.00770354215382764,0.009524036579422667,1.0824674490095276e-15,9753,DOP853,1e-08,1e-10,0.027037903752984288,0.9400106785225937,1.1,,,,
memory,excitable,4.0,0.0148,1.0,interface_10pct,0.02,0.14061523437499998,0.2,2.0,,case0238,1.4889274341462546,0.061,0.16495876962221945,0.09353075277071805,-4.6478099147151397e-10,4.429318023468909e-09,0.0,0.0,,4.468515401451212e-11,7.310312910568939e-08,0.016520836232862747,0.017186386778251392,9.853229343548264e-16,8436,DOP853,1e-08,1e-10,0.026982227656746613,0.9400106785292298,1.1,,,,
memory,excitable,4.0,0.0148,1.0,interface_10pct,0.02,0.14061523437499998,0.5,2.0,,case0239,1.4889274341462546,0.061,0.16495876962221945,0.09353075277071805,-4.709219125764719e-10,4.428631072972422e-09,0.0,0.0,,4.466963908142385e-11,7.24364590531934e-08,0.016951709081915498,0.017186386778251392,1.0824674490095276e-15,8406,DOP853,1e-08,1e-10,0.027100166130491658,0.9400106785235023,1.1,,,,
memory,excitable,4.0,0.0148,1.0,independent32_seed11,0.02,0.11504882812499999,0.02,2.0,,case0240,0.931595070783553,0.023,0.024166690126016403,0.024783019520072905,-1.1435297153639112e-11,1.4708373408112152e-10,0.019230769230769232,0.0,0.017,1.546018087855705e-12,6.399404339774151e-09,0.00199426554975134,0.002041383075029796,1.2549606265201824e-15,6538,DOP853,1e-08,1e-10,0.02746381148856769,0.9400106785225937,0.9,,,,
memory,excitable,4.0,0.0148,1.0,independent32_seed11,0.02,0.11504882812499999,0.05,2.0,,case0241,0.9302987786673835,0.023,0.02427710657448708,0.02485172558084458,-1.1587952819525071e-11,1.4960949146214375e-10,0.019230769230769232,0.0,0.017,1.5420282238609584e-12,6.47257802910417e-09,0.001990564916089487,0.0020366227893250624,1.2549606265201824e-15,6594,DOP853,1e-08,1e-10,0.02746331624260359,0.9400106785225937,0.9,,,,
memory,excitable,4.0,0.0148,1.0,independent32_seed11,0.02,0.11504882812499999,0.2,2.0,,case0242,0.9302987786673835,0.023,0.02427812556031655,0.02485305438607671,-1.1581013925621164e-11,1.494707135840656e-10,0.019230769230769232,0.0,0.017,1.4145585744418376e-12,6.4718275183395235e-09,0.001991543472784875,0.0020366227893250624,1.2565825622652763e-15,6567,DOP853,1e-08,1e-10,0.02746220012257531,0.9400106785225937,0.9,,,,
memory,excitable,4.0,0.0148,1.0,independent32_seed11,0.02,0.11504882812499999,0.5,2.0,,case0243,0.9302987786673835,0.023,0.02427812556031655,0.02485305438607671,-1.1601830607332886e-11,1.4919315782790932e-10,0.019230769230769232,0.0,0.017,1.7453920253540645e-12,6.471235769467398e-09,0.001991614535724462,0.0020366227893250624,1.5251207262557574e-15,6555,DOP853,1e-08,1e-10,0.02746220012257531,0.9400106785225937,0.9,,,,
memory,excitable,4.0,0.0148,1.0,independent32_seed11,0.02,0.12783203124999998,0.02,2.0,,case0244,61.439075191423456,0.06,6.093781115591492,0.10549945510777929,-4.8650319883769555e-09,5.13233205934327e-09,1.0,0.0,0.015,5.179399660895645e-11,8.174414145578623e-08,0.0013448720831135698,0.0026257179666411097,1.1024863142966589e-15,8260,DOP853,1e-08,1e-10,0.027029521408275324,0.9400106785225937,1.0,,,,
memory,excitable,4.0,0.0148,1.0,independent32_seed11,0.02,0.12783203124999998,0.05,2.0,,case0245,61.65876950126459,0.061,6.0866247311143695,0.10594131845426588,-4.877501180722277e-09,5.132040625799306e-09,1.0,0.0,0.015,5.174063217802671e-11,8.170154996989254e-08,0.0012914689831630857,0.00267476929962831,1.1024863142966589e-15,8286,DOP853,1e-08,1e-10,0.02702831430501268,0.9400106785225937,1.0,,,,
memory,excitable,4.0,0.0148,1.0,independent32_seed11,0.02,0.12783203124999998,0.2,2.0,,case0246,61.53459616754074,0.061,6.08641270462083,0.10600618470148074,-4.880706949705882e-09,5.149006221394359e-09,1.0,0.0,0.015,5.1925206755870645e-11,8.222423630854792e-08,0.001324286726703529,0.002620520898037453,1.2351231148954867e-15,8331,DOP853,1e-08,1e-10,0.027025515204889654,0.9400106785225937,1.0,,,,
memory,excitable,4.0,0.0148,1.0,independent32_seed11,0.02,0.12783203124999998,0.5,2.0,,case0247,61.53459616754074,0.061,6.08641270462083,0.10600618470148074,-4.880672255236362e-09,5.148402537624719e-09,1.0,0.0,0.015,5.237610475536392e-11,8.220766178901329e-08,0.0013195816602373804,0.0026158158315713045,1.3079291966020196e-15,8292,DOP853,1e-08,1e-10,0.027030881265235417,0.9400106785225937,1.0,,,,
memory,excitable,4.0,0.0148,1.0,independent32_seed11,0.02,0.14061523437499998,0.02,2.0,,case0248,61.2964853544127,0.056,6.104248755945216,0.1018278947927025,-4.698998135044263e-09,4.958762567230934e-09,1.0,0.0,0.014,5.00346075335556e-11,7.896242659732877e-08,0.0012904154207304221,0.002516425493910437,9.992007221626409e-16,8284,DOP853,1e-08,1e-10,0.02703918277051369,0.9400106785225937,1.1,,,,
memory,excitable,4.0,0.0148,1.0,independent32_seed11,0.02,0.14061523437499998,0.05,2.0,,case0249,61.59579079956575,0.057,6.096059689165885,0.1023843906841636,-4.7161163863052025e-09,4.969732958493012e-09,1.0,0.0,0.014,5.011773331412006e-11,7.910937682709118e-08,0.0012482637095915467,0.0025766519396263946,9.4566735627709e-16,8337,DOP853,1e-08,1e-10,0.02703758047272123,0.9400106785225937,1.1,,,,
memory,excitable,4.0,0.0148,1.0,independent32_seed11,0.02,0.14061523437499998,0.2,2.0,,case0250,61.4218497650551,0.057,6.096805872659697,0.1024227746241414,-4.718642143686225e-09,4.985331591988995e-09,1.0,0.0,0.014,5.0372607560827953e-11,7.959769288135021e-08,0.0012738411760132677,0.0025263109929914364,1.0200174038743626e-15,8379,DOP853,1e-08,1e-10,0.027035344958544105,0.9400106785225937,1.1,,,,
memory,excitable,4.0,0.0148,1.0,independent32_seed11,0.02,0.14061523437499998,0.5,2.0,,case0251,61.4218497650551,0.057,6.096805872659697,0.1024227746241414,-4.718628265898417e-09,4.984769541582779e-09,1.0,0.0,0.014,5.034378946708329e-11,7.9581587986155e-08,0.0012696577727598784,0.002522127589738047,1.2825983586770245e-15,8340,DOP853,1e-08,1e-10,0.027040183760965397,0.9400106785225937,1.1,,,,
memory,excitable,4.0,0.0148,1.0,independent32_seed22,0.02,0.11504882812499999,0.02,2.0,,case0252,0.9278154159292549,0.023,0.023851233006514636,0.024597953775182143,-1.1220191442617988e-11,1.438987817792281e-10,0.019230769230769232,0.0,0.017,1.4650607116362124e-12,6.322179446627274e-09,0.0019820910907892846,0.0020288253517865146,1.0212151084617802e-15,6589,DOP853,1e-08,1e-10,0.027464319188105858,0.9400106785225937,0.9,,,,
memory,excitable,4.0,0.0148,1.0,independent32_seed22,0.02,0.11504882812499999,0.05,2.0,,case0253,0.9290005035453158,0.023,0.023963707195826814,0.024647643624087043,-1.1324274851176597e-11,1.4521717162097048e-10,0.019230769230769232,0.0,0.017,1.423514084386568e-12,6.352837145229273e-09,0.00198486349827383,0.002031966368515003,1.0824674490095276e-15,6645,DOP853,1e-08,1e-10,0.02746412152035431,0.9400106785225937,0.9,,,,
memory,excitable,4.0,0.0148,1.0,independent32_seed22,0.02,0.11504882812499999,0.2,2.0,,case0254,0.9290005035453158,0.023,0.02396373444048079,0.02464767672192336,-1.1310397063368782e-11,1.4507839374289233e-10,0.019230769230769232,0.0,0.017,1.322455599889194e-12,6.35246188984695e-09,0.0019849190225088168,0.002031966368515003,1.4015866883711117e-15,6618,DOP853,1e-08,1e-10,0.027463620240646813,0.9400106785225937,0.9,,,,
memory,excitable,4.0,0.0148,1.0,independent32_seed22,0.02,0.11504882812499999,0.5,2.0,,case0255,0.9290005035453158,0.023,0.02396373444048079,0.02464767672192336,-1.1324274851176597e-11,1.4439144324640552e-10,0.019230769230769232,0.0,0.017,1.7020564645198188e-12,6.352094406025799e-09,0.001984923332759905,0.002031966368515003,1.4352422653633955e-15,6606,DOP853,1e-08,1e-10,0.027463620240646813,0.9400106785225937,0.9,,,,
memory,excitable,4.0,0.0148,1.0,independent32_seed22,0.02,0.12783203124999998,0.02,2.0,,case0256,60.962083255282955,0.062,6.089294290937319,0.10689511609175678,-4.930569841299359e-09,5.239399192280558e-09,1.0,0.0,0.015,5.288463894234652e-11,8.349316238387416e-08,0.001357728670061699,0.0026357953982360377,1.187187129031215e-15,8305,DOP853,1e-08,1e-10,0.02702505637621592,0.9400106785225937,1.0,,,,
memory,excitable,4.0,0.0148,1.0,independent32_seed22,0.02,0.12783203124999998,0.05,2.0,,case0257,60.84363737892051,0.063,6.084692665150291,0.1070594052254058,-4.9334633600572886e-09,5.2485307766581e-09,1.0,0.0,0.015,5.2982466504369885e-11,8.366229709011463e-08,0.0013831994898566983,0.002710724828179524,1.2628786905111156e-15,8391,DOP853,1e-08,1e-10,0.02702467385675437,0.9400106785225937,1.0,,,,
memory,excitable,4.0,0.0148,1.0,independent32_seed22,0.02,0.12783203124999998,0.2,2.0,,case0258,60.34090929455517,0.063,6.081583773220997,0.10722033633467731,-4.940561848520986e-09,5.27843740938394e-09,1.0,0.0,0.015,5.3197431269108586e-11,8.42263392364373e-08,0.0014466095131521928,0.002780962428638813,1.187187129031215e-15,8436,DOP853,1e-08,1e-10,0.027023241822785756,0.9400106785225937,1.0,,,,
memory,excitable,4.0,0.0148,1.0,independent32_seed22,0.02,0.12783203124999998,0.5,2.0,,case0259,60.34090929455517,0.063,6.081583773220997,0.10722033633467731,-4.940513276263658e-09,5.278111281370457e-09,1.0,0.0,0.015,5.327684907824315e-11,8.421795594237835e-08,0.0014457929239471055,0.0027801458394337256,1.4633403665445153e-15,8382,DOP853,1e-08,1e-10,0.027026987615882295,0.9400106785225937,1.0,,,,
memory,excitable,4.0,0.0148,1.0,independent32_seed22,0.02,0.14061523437499998,0.02,2.0,,case0260,61.15793455149081,0.057,6.103419532294115,0.10212961065258928,-4.713084089669195e-09,4.98768387702242e-09,1.0,0.0,0.014,5.02979060311437e-11,7.943698143719757e-08,0.0013029823924244589,0.0025213151206773935,1.3877787807814457e-15,8362,DOP853,1e-08,1e-10,0.027038308434810795,0.9400106785225937,1.1,,,,
memory,excitable,4.0,0.0148,1.0,independent32_seed22,0.02,0.14061523437499998,0.05,2.0,,case0261,60.73134190273583,0.058,6.094534961329323,0.10258543856441141,-4.725698998786498e-09,5.0079593250096366e-09,1.0,0.0,0.014,5.0596441099337586e-11,7.978305571754163e-08,0.0013739434570099462,0.0026476568975109262,1.1796119636642288e-15,8436,DOP853,1e-08,1e-10,0.02703731560847051,0.9400106785225937,1.1,,,,
memory,excitable,4.0,0.0148,1.0,independent32_seed22,0.02,0.14061523437499998,0.2,2.0,,case0262,60.579868451714454,0.058,6.095319221113129,0.10262038006664313,-4.729792946189804e-09,5.031502992025594e-09,1.0,0.0,0.014,5.079709439539948e-11,8.023891551189877e-08,0.0013952730343807075,0.0026704334001530525,1.157567507695462e-15,8445,DOP853,1e-08,1e-10,0.027036222612767436,0.9400106785225937,1.1,,,,
memory,excitable,4.0,0.0148,1.0,independent32_seed22,0.02,0.14061523437499998,0.5,2.0,,case0263,60.579868451714454,0.058,6.095319221113129,0.10262038006664313,-4.7297304961446685e-09,5.030906247149858e-09,1.0,0.0,0.014,5.100016546230601e-11,8.023046116356625e-08,0.001394662180394421,0.002669822546166765,1.4570906398223178e-15,8406,DOP853,1e-08,1e-10,0.027039597917387474,0.9400106785225937,1.1,,,,
memory,excitable,4.0,0.0148,1.0,independent32_seed33,0.02,0.11504882812499999,0.02,2.0,,case0264,61.22066316764357,0.062,6.086261266743755,0.10678890003733191,-4.914665896471604e-09,5.1978768511595774e-09,1.0,0.0,0.018000000000000002,5.241324952179327e-11,8.283532859643117e-08,0.0016379940931171451,0.0033979787324287716,9.506284648352903e-16,8398,DOP853,1e-08,1e-10,0.027030968728286798,0.9400106785225937,0.9,,,,
memory,excitable,4.0,0.0148,1.0,independent32_seed33,0.02,0.11504882812499999,0.05,2.0,,case0265,61.42042842450162,0.062,6.084869680615752,0.10717553688231593,-4.932110275746027e-09,5.198445840459698e-09,1.0,0.0,0.018000000000000002,5.241885484702502e-11,8.285090835613573e-08,0.001451992562220977,0.0031381127792082996,1.061650767297806e-15,8484,DOP853,1e-08,1e-10,0.027028963661725153,0.9400106785225937,0.9,,,,
memory,excitable,4.0,0.0148,1.0,independent32_seed33,0.02,0.11504882812499999,0.2,2.0,,case0266,60.80406287158885,0.063,6.081020961963878,0.1073227910410185,-4.936252795406659e-09,5.218533938311509e-09,1.0,0.0,0.018000000000000002,5.2844566830051454e-11,8.383745253581765e-08,0.0014667234604588148,0.0030954485454651806,1.1171619185290638e-15,8589,DOP853,1e-08,1e-10,0.027025622634418853,0.9400106785225937,0.9,,,,
memory,excitable,4.0,0.0148,1.0,independent32_seed33,0.02,0.11504882812499999,0.5,2.0,,case0267,60.80406287158885,0.063,6.081020961963878,0.1073227910410185,-4.936252795406659e-09,5.218027399056524e-09,1.0,0.0,0.018000000000000002,5.300831388416194e-11,8.37735603109735e-08,0.0014640853187504338,0.0030929177863655466,1.5686637783983448e-15,8577,DOP853,1e-08,1e-10,0.027030516937378058,0.9400106785225937,0.9,,,,
memory,excitable,4.0,0.0148,1.0,independent32_seed33,0.02,0.12783203124999998,0.02,2.0,,case0268,61.23441399933737,0.057,6.100347596795347,0.10273287478092186,-4.7348930332091754e-09,4.999979597020143e-09,1.0,0.0,0.015,5.046719335835559e-11,7.96416366188879e-08,0.0014136438963552862,0.0028784522788554254,1.2743511165069646e-15,8224,DOP853,1e-08,1e-10,0.027039667575600612,0.9400106785225937,1.0,,,,
memory,excitable,4.0,0.0148,1.0,independent32_seed33,0.02,0.12783203124999998,0.05,2.0,,case0269,61.308567787839316,0.058,6.097376714040649,0.10314839000275168,-4.751678217562727e-09,5.00650909618372e-09,1.0,0.0,0.015,5.051375984166384e-11,7.975511695512694e-08,0.0012640090321418534,0.002619495477548184,1.2743511165069646e-15,8346,DOP853,1e-08,1e-10,0.02703762154754475,0.9400106785225937,1.0,,,,
memory,excitable,4.0,0.0148,1.0,independent32_seed33,0.02,0.12783203124999998,0.2,2.0,,case0270,60.7294776118024,0.059000000000000004,6.095297795650932,0.10321681790443249,-4.753905602505881e-09,5.024959615074209e-09,1.0,0.0,0.015,5.0693759086339885e-11,8.06350464177541e-08,0.0012589753494372687,0.002595861527220413,1.2743511165069646e-15,8439,DOP853,1e-08,1e-10,0.027034664259286044,0.9400106785225937,1.0,,,,
memory,excitable,4.0,0.0148,1.0,independent32_seed33,0.02,0.12783203124999998,0.5,2.0,,case0271,60.7294776118024,0.059000000000000004,6.095297795650932,0.10321681790443249,-4.753898663611977e-09,5.024439198031416e-09,1.0,0.0,0.015,5.069562391407656e-11,8.057137845796092e-08,0.0012568142363809979,0.002593700414164143,1.3260334670583962e-15,8385,DOP853,1e-08,1e-10,0.027039338107026734,0.9400106785225937,1.0,,,,
memory,excitable,4.0,0.0148,1.0,independent32_seed33,0.02,0.14061523437499998,0.02,2.0,,case0272,61.31740400646133,0.055,6.105751673564805,0.10065831626097599,-4.643049833497059e-09,4.897755812027782e-09,1.0,0.0,0.014,4.956996185051521e-11,7.799730528113002e-08,0.001360545943873504,0.0027304239266620115,1.0685896612017132e-15,8302,DOP853,1e-08,1e-10,0.02704393779015987,0.9400106785225937,1.1,,,,
memory,excitable,4.0,0.0148,1.0,independent32_seed33,0.02,0.14061523437499998,0.05,2.0,,case0273,61.1871196244996,0.056,6.101518262855022,0.1010480947735251,-4.657441099453763e-09,4.905083283990308e-09,1.0,0.0,0.014,4.949453390537539e-11,7.812767988113478e-08,0.0012287244093008953,0.0025061467869823078,1.0408340855860843e-15,8364,DOP853,1e-08,1e-10,0.027042082545234866,0.9400106785225937,1.1,,,,
memory,excitable,4.0,0.0148,1.0,independent32_seed33,0.02,0.14061523437499998,0.2,2.0,,case0274,60.70342367201243,0.056,6.100845424140698,0.10108178110672347,-4.659092556202893e-09,4.92275664676356e-09,1.0,0.0,0.014,4.96172005391704e-11,7.896512888017071e-08,0.0012171293895872055,0.0024700432086686708,1.2863787725997389e-15,8544,DOP853,1e-08,1e-10,0.027039463572155663,0.9400106785225937,1.1,,,,
memory,excitable,4.0,0.0148,1.0,independent32_seed33,0.02,0.14061523437499998,0.5,2.0,,case0275,60.70342367201243,0.056,6.100845424140698,0.10108178110672347,-4.659085617308989e-09,4.9223264353415175e-09,1.0,0.0,0.014,4.965256721403688e-11,7.890457287551556e-08,0.0012152370319427053,0.0024681508510241705,1.4914685307778177e-15,8490,DOP853,1e-08,1e-10,0.027043848160316672,0.9400106785225937,1.1,,,,
memory,excitable,4.0,0.0148,1.0,cut,0.02,0.11504882812499999,0.02,2.0,,case0276,61.92511030119305,0.054,6.092890273922928,0.10071043396228353,-4.615245685624103e-09,4.785054297240521e-09,1.0,0.0,0.023,4.825720986006976e-11,7.607435459355827e-08,-0.00019621529339705407,0.0035532907321767313,1.4918621893400541e-15,8518,DOP853,1e-08,1e-10,0.027058303322286537,0.9400106785225966,0.9,,,,
memory,excitable,4.0,0.0148,1.0,cut,0.02,0.11504882812499999,0.05,2.0,,case0277,59.09925775981684,0.081,5.814159324576892,0.12115111755878742,-5.267050684487629e-09,5.777565925679795e-09,1.0,0.0,0.052000000000000005,5.827239732414391e-11,9.293195768478313e-08,-0.01166280614932633,0.006786436522009569,1.4918621893400541e-15,9729,DOP853,1e-08,1e-10,0.027037475903185393,0.9400106785225995,0.9,,,,
memory,excitable,4.0,0.0148,1.0,cut,0.02,0.11504882812499999,0.2,2.0,,case0278,-6.938893903907228e-15,0.0,0.0,,-4.132805209167145e-10,4.520953056363908e-09,0.0,0.0,,4.55989629735698e-11,7.769817123026712e-08,-0.0007090494664730238,2.0324020244544274e-17,1.4918621893400541e-15,8424,DOP853,1e-08,1e-10,0.026684714459082704,0.9419102652538155,0.9,,,,
memory,excitable,4.0,0.0148,1.0,cut,0.02,0.11504882812499999,0.5,2.0,,case0279,-6.938893903907228e-15,0.0,0.0,,-4.229394612309534e-10,4.519988550111265e-09,0.0,0.0,,4.5587427062454555e-11,7.669301527180039e-08,-1.7569694671940103e-05,4.256317520656694e-17,1.4918621893400541e-15,8394,DOP853,1e-08,1e-10,0.02705979589238273,0.9400394391500588,0.9,,,,
memory,excitable,4.0,0.0148,1.0,cut,0.02,0.12783203124999998,0.02,2.0,,case0280,61.9666463999558,0.054,6.090223214572624,0.10031001901626165,-4.592423663574152e-09,4.761496752436756e-09,1.0,0.0,0.022,4.803385337051602e-11,7.574521121433975e-08,-0.0003026521539226573,0.003658874793815297,1.2073675392798577e-15,8458,DOP853,1e-08,1e-10,0.02705944202346943,0.9400106785225963,1.0,,,,
memory,excitable,4.0,0.0148,1.0,cut,0.02,0.12783203124999998,0.05,2.0,,case0281,59.09224435998482,0.081,5.8015829256784945,0.12106168984936937,-5.245651135687979e-09,5.763910182476906e-09,1.0,0.0,0.052000000000000005,5.837914787004683e-11,9.274064183273367e-08,-0.012127328002833148,0.006767947009055598,1.4918621893400541e-15,9681,DOP853,1e-08,1e-10,0.02703777420351172,0.9400106785225996,1.0,,,,
memory,excitable,4.0,0.0148,1.0,cut,0.02,0.12783203124999998,0.2,2.0,,case0282,-6.938893903907228e-15,0.0,0.0,,-4.1013720197824455e-10,4.4838716073414275e-09,0.0,0.0,,4.523361936750736e-11,7.705260318680018e-08,-0.0006927468816235975,1.7090495685323504e-17,1.4918621893400541e-15,8349,DOP853,1e-08,1e-10,0.026709498244193827,0.9418514752916617,1.0,,,,
memory,excitable,4.0,0.0148,1.0,cut,0.02,0.12783203124999998,0.5,2.0,,case0283,-6.938893903907228e-15,0.0,0.0,,-4.1963654773269354e-10,4.482962612240016e-09,0.0,0.0,,4.524693337018548e-11,7.60628593443613e-08,-1.743166185048283e-05,3.912148383022896e-17,1.4918621893400541e-15,8319,DOP853,1e-08,1e-10,0.027061546605967556,0.9400392073681807,1.0,,,,
memory,excitable,4.0,0.0148,1.0,cut,0.02,0.14061523437499998,0.02,2.0,,case0284,61.92780025691494,0.054,6.087900844406807,0.09997931802798442,-4.573716405609218e-09,4.746793236254376e-09,1.0,0.0,0.022,4.789604043237139e-11,7.553342618038528e-08,-0.0004025113326953994,0.0037359418848961017,1.2490009027033011e-15,8530,DOP853,1e-08,1e-10,0.02706038953276393,0.9400106785225963,1.1,,,,
memory,excitable,4.0,0.0148,1.0,cut,0.02,0.14061523437499998,0.05,2.0,,case0285,59.087207356906134,0.081,5.79108047689923,0.12099015676258626,-5.2280194062781504e-09,5.752946730108732e-09,1.0,0.0,0.052000000000000005,5.808820221706035e-11,9.25841125987148e-08,-0.012507701111420912,0.006751658371176153,1.7832957333041577e-15,9792,DOP853,1e-08,1e-10,0.027037925061481567,0.9400106785225997,1.1,,,,
memory,excitable,4.0,0.0148,1.0,cut,0.02,0.14061523437499998,0.2,2.0,,case0286,-6.938893903907228e-15,0.0,0.0,,-4.0753511676427934e-10,4.453402924209371e-09,0.0,0.0,,4.494333507784609e-11,7.652272260294524e-08,-0.0006794526449138642,1.840194663316197e-17,1.7832957333041577e-15,8454,DOP853,1e-08,1e-10,0.026729917113906446,0.9418033598102875,1.1,,,,
memory,excitable,4.0,0.0148,1.0,cut,0.02,0.14061523437499998,0.5,2.0,,case0287,-6.938893903907228e-15,0.0,0.0,,-4.1687486795893847e-10,4.452403723487208e-09,0.0,0.0,,4.4914039935145533e-11,7.554562198031078e-08,-1.7318569990866015e-05,4.378442053365461e-17,1.7832957333041577e-15,8424,DOP853,1e-08,1e-10,0.027063059364255352,0.9400390172389643,1.1,,,,
sensitivity,bistable,3.6,0.0148,1.0,original,0.02,0.0741357421875,0.05,2.0,,case0288,0.26786453885217776,0.021,0.005930562968990719,0.02154549979123611,0.0,1.2628786905111156e-12,0.0,0.0,,1.0872596226119136e-12,1.732379255063325e-13,0.0006159025692407597,0.0006210157190119114,1.9359513991901167e-15,6273,DOP853,1e-08,1e-10,0.027443212764875078,0.06855227325340345,0.9,,,,
sensitivity,bistable,3.6,0.0148,1.0,original,0.02,0.0741357421875,0.5,2.0,,case0289,0.26786453885217776,0.021,0.005930562969114807,0.021545499792210952,1.3877787807814457e-14,1.2559397966072083e-12,0.0,0.0,,1.122084196392148e-12,1.706592825015021e-13,0.0006159025692312805,0.0006210157190111373,1.9359513991901167e-15,6273,DOP853,1e-08,1e-10,0.027443212764875845,0.06855227325340345,0.9,,,,
sensitivity,bistable,3.6,0.0148,1.0,original,0.02,0.08237304687500001,0.05,2.0,,case0290,0.7091915945204654,0.034,1.2734362302429991,1.0054212325723426,0.6401669605774346,34.59537750844652,0.0,0.0,,1.170179404763605e-12,1.9386706954497558e-13,0.12385198109876838,0.12385198109876838,1.9359513991901167e-15,6489,DOP853,1e-08,1e-10,0.027443390822042175,0.25179359327553974,1.0,,,,
sensitivity,bistable,3.6,0.0148,1.0,original,0.02,0.08237304687500001,0.5,2.0,,case0291,0.7091915945204654,0.034,1.2734362302388718,1.005421232575399,0.6401669605774624,34.59537750844623,0.0,0.0,,1.001802807376606e-12,1.6315777557835915e-13,0.12385198110327239,0.12385198110327239,1.9359513991901167e-15,6489,DOP853,1e-08,1e-10,0.027443390822042175,0.25179359729282624,1.0,,,,
sensitivity,bistable,3.6,0.0148,1.0,original,0.02,0.09061035156250001,0.05,2.0,,case0292,0.7807641523947597,0.027,1.2762588649069477,1.003237127640896,0.6401669605774207,34.59537750844602,0.0,0.0,,1.1256186954744507e-12,3.169386675027896e-13,0.12404574571087924,0.12404574571087924,1.9359513991901167e-15,6489,DOP853,1e-08,1e-10,0.02744339082204248,0.2670801143509093,1.1,,,,
sensitivity,bistable,3.6,0.0148,1.0,original,0.02,0.09061035156250001,0.5,2.0,,case0293,0.7807641523947597,0.027,1.2762588649068425,1.0032371276409628,0.6401669605774138,34.595377508446866,0.0,0.0,,1.225668871951413e-12,5.176039776968635e-13,0.12404574571104454,0.12404574571104454,1.9359513991901167e-15,6489,DOP853,1e-08,1e-10,0.02744339082204248,0.2670801143509093,1.1,,,,
sensitivity,bistable,3.6,0.0148,1.0,interface_10pct,0.02,0.0741357421875,0.05,2.0,,case0294,62.33684723710542,0.08,109.81600273931258,1.0303448814372487,56.62610551080592,56.62610558613904,1.0,1.0,0.052000000000000005,1.0989296417296401e-07,9.0035396555694e-08,0.006854923044160844,0.008658833404129587,1.6618650899857804e-15,11667,DOP853,1e-08,1e-10,0.027443390822042068,0.6156945938443945,0.9,,,,
sensitivity,bistable,3.6,0.0148,1.0,interface_10pct,0.02,0.0741357421875,0.5,2.0,,case0295,62.166478690490536,0.53,85.05696226094078,1.2469615259220708,56.626105510791426,56.626105842822255,1.0,1.0,0.502,4.843578121915826e-07,3.968334744892305e-07,0.07830183320279169,0.08128823809677997,1.6618650899857804e-15,11973,DOP853,1e-08,1e-10,0.027443390822042068,0.6150844145336115,0.9,,,,
sensitivity,bistable,3.6,0.0148,1.0,interface_10pct,0.02,0.08237304687500001,0.05,2.0,,case0296,62.25748516490511,0.08,109.83104357339235,1.030211411070625,56.626105510812124,56.62610552804186,1.0,1.0,0.052000000000000005,3.299007456103453e-08,2.7028732105324822e-08,0.00700655263266109,0.009021638697826153,1.6618650899857804e-15,11643,DOP853,1e-08,1e-10,0.02744339082204167,0.6157378567480989,1.0,,,,
sensitivity,bistable,3.6,0.0148,1.0,interface_10pct,0.02,0.08237304687500001,0.5,2.0,,case0297,62.166478690491175,0.53,85.05978781522904,1.2469214360991414,56.62610551079146,56.62610584282779,1.0,1.0,0.502,4.843655282416037e-07,3.9684010582135055e-07,0.07859012163792736,0.08157652653177831,1.6618650899857804e-15,11910,DOP853,1e-08,1e-10,0.02744339082204167,0.6150844145334159,1.0,,,,
sensitivity,bistable,3.6,0.0148,1.0,interface_10pct,0.02,0.09061035156250001,0.05,2.0,,case0298,62.22172289752557,0.08,109.83811680049982,1.0301484836842132,56.626105510807015,56.62610557034541,1.0,1.0,0.052000000000000005,8.685252239626351e-08,7.115819945292324e-08,0.007111018488485573,0.009254839300994905,1.6618650899857804e-15,11703,DOP853,1e-08,1e-10,0.027443390822040607,0.6157687770337072,1.1,,,,
sensitivity,bistable,3.6,0.0148,1.0,interface_10pct,0.02,0.09061035156250001,0.5,2.0,,case0299,62.16647869049113,0.53,85.06184905452898,1.2468921547012786,56.62610551079144,56.62610584279721,1.0,1.0,0.502,4.843211609539821e-07,3.968035284735933e-07,0.07880040234544101,0.08178680723933719,1.6618650899857804e-15,11946,DOP853,1e-08,1e-10,0.027443390822040607,0.6150844145334324,1.1,,,,
sensitivity,bistable,3.6,0.0148,1.0,independent32_seed11,0.02,0.0741357421875,0.05,2.0,,case0300,0.26724686738303916,0.021,0.005907124011417339,0.02155325493839728,6.938893903907228e-15,8.743006318923108e-13,0.0,0.0,,7.50495585816191e-13,1.1627335730871572e-13,0.0006128667651880663,0.0006177954055539556,2.160720840000393e-15,6312,DOP853,1e-08,1e-10,0.02744292754743152,0.06899425090529122,0.9,,,,
sensitivity,bistable,3.6,0.0148,1.0,independent32_seed11,0.02,0.0741357421875,0.5,2.0,,case0301,0.26724686738303916,0.021,0.005907252352785736,0.021553997091235448,0.0,1.7069679003611782e-12,0.0,0.0,,1.5305573648760618e-12,2.294992274299046e-13,0.0006129742005361636,0.0006177954055559614,2.160720840000393e-15,6273,DOP853,1e-08,1e-10,0.027443198625813736,0.06899425090529122,0.9,,,,
sensitivity,bistable,3.6,0.0148,1.0,independent32_seed11,0.02,0.08237304687500001,0.05,2.0,,case0302,0.7083733327786015,0.035,1.273408112118029,1.005442849623594,0.6401669605774207,34.59537750844642,0.0,0.0,,2.7834722374220355e-13,4.524346363020591e-14,0.12382494773466458,0.12382494773466458,2.160720840000393e-15,6543,DOP853,1e-08,1e-10,0.02744339082204219,0.2538643681018144,1.0,,,,
sensitivity,bistable,3.6,0.0148,1.0,independent32_seed11,0.02,0.08237304687500001,0.5,2.0,,case0303,0.7083733327786015,0.035,1.2724469141921921,1.0059927806138635,0.6401669605774276,34.59537750844646,0.0,0.0,,2.033095913844818e-13,8.064119942378671e-14,0.12353968901917832,0.12353968901917832,2.160720840000393e-15,6543,DOP853,1e-08,1e-10,0.02744339082204219,0.25386437228061187,1.0,,,,
sensitivity,bistable,3.6,0.0148,1.0,independent32_seed11,0.02,0.09061035156250001,0.05,2.0,,case0304,0.7827514090014698,0.028,1.276328357427069,1.003184616685286,0.6401669605774207,34.59537750844631,0.0,0.0,,2.1159289598227105e-13,4.313366480807196e-14,0.12401538440984504,0.12401538440984504,2.160720840000393e-15,6522,DOP853,1e-08,1e-10,0.027443390822042144,0.2688771856014659,1.1,,,,
sensitivity,bistable,3.6,0.0148,1.0,independent32_seed11,0.02,0.09061035156250001,0.5,2.0,,case0305,0.7827514090014698,0.028,1.2753665723703405,1.0037320074710605,0.6401669605774138,34.59537750844643,0.0,0.0,,2.9493551698123177e-13,5.626130192357212e-14,0.12373053843150733,0.12373053843150733,2.160720840000393e-15,6522,DOP853,1e-08,1e-10,0.027443390822042144,0.2688771856014659,1.1,,,,
sensitivity,bistable,3.6,0.0148,1.0,independent32_seed22,0.02,0.0741357421875,0.05,2.0,,case0306,0.26873901975447284,0.021,0.00594670173156649,0.02156079950974866,-1.3877787807814457e-14,9.922618282587337e-13,0.0,0.0,,8.940764795184464e-13,1.3784018971275169e-13,0.0006172063241648602,0.0006224257877673195,2.2958336748682297e-15,6312,DOP853,1e-08,1e-10,0.027443016624488614,0.06877094718350119,0.9,,,,
sensitivity,bistable,3.6,0.0148,1.0,independent32_seed22,0.02,0.0741357421875,0.5,2.0,,case0307,0.26873901975447284,0.021,0.005946707170191776,0.021560828282308493,1.3877787807814457e-14,1.1449174941446927e-12,0.0,0.0,,9.938447634305625e-13,1.598758662994841e-13,0.0006172153344756588,0.0006224257877673997,2.2958336748682297e-15,6273,DOP853,1e-08,1e-10,0.02744319505737568,0.06877094718350119,0.9,,,,
sensitivity,bistable,3.6,0.0148,1.0,independent32_seed22,0.02,0.08237304687500001,0.05,2.0,,case0308,0.7131516170022292,0.035,1.2735733362345294,1.0053169844766379,0.6401669605774276,34.59537750844642,0.0,0.0,,4.5297966766444375e-13,9.189345980850113e-14,0.12384928495428577,0.12384928495428577,2.2958336748682297e-15,6546,DOP853,1e-08,1e-10,0.027443390822042207,0.2528285806541852,1.0,,,,
sensitivity,bistable,3.6,0.0148,1.0,independent32_seed22,0.02,0.08237304687500001,0.5,2.0,,case0309,0.7131516170022292,0.035,1.2746515605340316,1.0047045934939585,0.6401669605774207,34.59537750844642,0.0,0.0,,5.90955236134949e-13,9.376883653928687e-14,0.12382838815302108,0.12382838815302108,2.2958336748682297e-15,6546,DOP853,1e-08,1e-10,0.027443390822042207,0.25282858476068326,1.0,,,,
sensitivity,bistable,3.6,0.0148,1.0,independent32_seed22,0.02,0.09061035156250001,0.05,2.0,,case0310,0.7868360981451925,0.028,1.2764670762207866,1.0030792160693587,0.6401669605774276,34.59537750844617,0.0,0.0,,4.581513120271996e-13,1.4440400827050177e-13,0.12404170912631796,0.12404170912631796,2.2958336748682297e-15,6546,DOP853,1e-08,1e-10,0.02744339082204248,0.26796214558475745,1.1,,,,
sensitivity,bistable,3.6,0.0148,1.0,independent32_seed22,0.02,0.09061035156250001,0.5,2.0,,case0311,0.7868360981451925,0.028,1.2775433993245575,1.0024714875045664,0.6401669605774138,34.59537750844639,0.0,0.0,,5.980567603647291e-13,9.189345980850113e-14,0.12402095013012139,0.12402095013012139,2.2958336748682297e-15,6546,DOP853,1e-08,1e-10,0.02744339082204248,0.26796214558475745,1.1,,,,
sensitivity,bistable,3.6,0.0148,1.0,independent32_seed33,0.02,0.0741357421875,0.05,2.0,,case0312,0.2751356581762593,0.021,0.0060883999079341345,0.021741749544122904,4.163336342344337e-14,5.065392549852277e-13,0.0,0.0,,4.687873353392824e-13,6.821682858233119e-14,0.0006316921626485102,0.0006370043835193827,2.464475508744505e-15,6330,DOP853,1e-08,1e-10,0.02744300548474237,0.07053204278715007,0.9,,,,
sensitivity,bistable,3.6,0.0148,1.0,independent32_seed33,0.02,0.0741357421875,0.5,2.0,,case0313,0.2751356581762593,0.021,0.006088424684774207,0.02174188578661419,-2.0816681711721685e-14,1.4849232954361469e-12,0.0,0.0,,1.347294671660837e-12,2.0394721947294893e-13,0.0006317053511031315,0.0006370043835191464,2.464475508744505e-15,6291,DOP853,1e-08,1e-10,0.02744319148385424,0.07053204278715007,0.9,,,,
sensitivity,bistable,3.6,0.0148,1.0,independent32_seed33,0.02,0.08237304687500001,0.05,2.0,,case0314,0.7204017065778403,0.035,1.2738616209123457,1.0050969916622898,0.6401669605774207,34.595377508446326,0.0,0.0,,2.0758134794407468e-13,3.422562533683971e-14,0.12387491605878415,0.12387491605878415,2.464475508744505e-15,6519,DOP853,1e-08,1e-10,0.02744339082204217,0.2573788949706245,1.0,,,,
sensitivity,bistable,3.6,0.0148,1.0,independent32_seed33,0.02,0.08237304687500001,0.5,2.0,,case0315,0.7204017065778403,0.035,1.2763565424291325,1.0036841611549163,0.6401669605774276,34.59537750844627,0.0,0.0,,1.846179459308317e-13,4.6884418269643434e-14,0.12400942659733777,0.12400942659733777,2.464475508744505e-15,6519,DOP853,1e-08,1e-10,0.02744339082204217,0.2573788974993082,1.0,,,,
sensitivity,bistable,3.6,0.0148,1.0,independent32_seed33,0.02,0.09061035156250001,0.05,2.0,,case0316,0.8033717530178536,0.03,1.2772865605884955,1.002459420435085,0.6401669605774207,34.595377508446234,0.0,0.0,,1.8308922086762713e-13,1.1814873403950145e-13,0.12410048159051781,0.12410048159051781,2.464475508744505e-15,6525,DOP853,1e-08,1e-10,0.02744339082204212,0.27621322951838045,1.1,,,,
sensitivity,bistable,3.6,0.0148,1.0,independent32_seed33,0.02,0.09061035156250001,0.5,2.0,,case0317,0.8033717530178536,0.03,1.2797793984631445,1.0010569882789802,0.6401669605774276,34.59537750844621,0.0,0.0,,1.8600572471161314e-13,1.1252260384714423e-13,0.12423509103774083,0.12423509103774083,2.464475508744505e-15,6540,DOP853,1e-08,1e-10,0.02744339082204212,0.27621322951838045,1.1,,,,
sensitivity,bistable,4.4,0.0148,1.0,original,0.02,0.0741357421875,0.05,2.0,,case0318,68.15357994125104,0.063,117.64716410774088,1.02353470896875,60.24096251721336,60.24096257018645,1.0,1.0,0.024,8.230169323830694e-08,5.857406151701863e-08,0.00261504390386692,0.0027515955055241416,2.130240428499519e-15,11484,DOP853,1e-08,1e-10,0.02767167421590817,0.6720676652370118,0.9,,,,
sensitivity,bistable,4.4,0.0148,1.0,original,0.02,0.0741357421875,0.5,2.0,,case0319,68.15357994657263,0.063,117.6471641079993,1.0235347089666016,60.24096251718385,60.240962578051125,1.0,1.0,0.024,1.123579451700607e-07,7.996510360781768e-08,0.0026150438916024703,0.002751595826496331,2.130240428499519e-15,10119,DOP853,1e-08,1e-10,0.02767167421590817,0.672067665236693,0.9,,,,
sensitivity,bistable,4.4,0.0148,1.0,original,0.02,0.08237304687500001,0.05,2.0,,case0320,68.1527047187121,0.054,118.18669739339663,1.0190578199592446,60.240962517283414,60.24096286735768,1.0,1.0,0.018000000000000002,5.438929862044972e-07,3.8708856690565244e-07,0.0022185381319206757,0.0023533333194334714,2.130240428499519e-15,11274,DOP853,1e-08,1e-10,0.027671674215908132,0.6720633264901734,1.0,,,,
sensitivity,bistable,4.4,0.0148,1.0,original,0.02,0.08237304687500001,0.5,2.0,,case0321,68.15270470340238,0.054,118.18669739324096,1.0190578199604674,60.24096251717536,60.240962606545175,1.0,1.0,0.018000000000000002,1.6816896764026978e-07,1.1968575530051883e-07,0.0022185381286379626,0.0023533336469372785,2.130240428499519e-15,9894,DOP853,1e-08,1e-10,0.027671674215908132,0.6720633265225641,1.0,,,,
sensitivity,bistable,4.4,0.0148,1.0,original,0.02,0.09061035156250001,0.05,2.0,,case0322,68.15182311018073,0.051000000000000004,118.35522990561547,1.0176592221882665,60.24096251719938,60.240962522066425,1.0,1.0,0.016,9.940501199956486e-09,7.0746561762022695e-09,0.0021625014388914746,0.0023012564680324164,2.130240428499519e-15,11418,DOP853,1e-08,1e-10,0.02767167421590855,0.6721862214420095,1.1,,,,
sensitivity,bistable,4.4,0.0148,1.0,original,0.02,0.09061035156250001,0.5,2.0,,case0323,68.15182310670114,0.051000000000000004,118.35522990561583,1.0176592221883174,60.24096251720091,60.240962517350404,1.0,1.0,0.016,2.3217816558229742e-10,1.652807020376086e-10,0.0021625014387351396,0.0023012564549329414,2.130240428499519e-15,11406,DOP853,1e-08,1e-10,0.02767167421590855,0.6721862214985417,1.1,,,,
sensitivity,bistable,4.4,0.0148,1.0,interface_10pct,0.02,0.0741357421875,0.05,2.0,,case0324,66.70707736081435,0.076,116.98529782874206,1.0290280265350211,60.24096251720072,60.240962527604516,1.0,1.0,0.051000000000000004,1.6162163274380248e-08,1.1500845321133535e-08,0.006692435085745406,0.009535513503188904,2.522287934070278e-15,10806,DOP853,1e-08,1e-10,0.02767167421590828,0.6757930824967799,0.9,,,,
sensitivity,bistable,4.4,0.0148,1.0,interface_10pct,0.02,0.0741357421875,0.5,2.0,,case0325,66.7167112527978,0.526,90.67482335105599,1.2452397696521096,60.240962517200884,60.24096251963159,1.0,1.0,0.502,3.776118306930698e-09,2.6870472813767276e-09,0.08308297900506403,0.08651696963879461,2.522287934070278e-15,11295,DOP853,1e-08,1e-10,0.02767167421590828,0.6756375275138271,0.9,,,,
sensitivity,bistable,4.4,0.0148,1.0,interface_10pct,0.02,0.08237304687500001,0.05,2.0,,case0326,66.70505011461225,0.076,116.98699873747172,1.0290134693087571,60.2409625172007,60.24096254209705,1.0,1.0,0.051000000000000004,3.8676459257480644e-08,2.75218361614107e-08,0.006787203047276293,0.009698996697669925,2.522287934070278e-15,10773,DOP853,1e-08,1e-10,0.027671674215906775,0.675867346241612,1.0,,,,
sensitivity,bistable,4.4,0.0148,1.0,interface_10pct,0.02,0.08237304687500001,0.5,2.0,,case0327,66.7167112527978,0.526,90.6769996257953,1.2452106846518023,60.240962517200884,60.240962519604835,1.0,1.0,0.502,3.7345182501979934e-09,2.6574613380718517e-09,0.08329000689819921,0.08672399753200366,2.522287934070278e-15,10914,DOP853,1e-08,1e-10,0.027671674215906775,0.6756375275138253,1.0,,,,
sensitivity,bistable,4.4,0.0148,1.0,interface_10pct,0.02,0.09061035156250001,0.05,2.0,,case0328,66.70417744482621,0.076,116.9882064245609,1.0290031054922615,60.240962517200735,60.24096253987079,1.0,1.0,0.051000000000000004,3.5217978533452765e-08,2.5060779277600577e-08,0.006866650783723361,0.009824064210570152,2.522287934070278e-15,10842,DOP853,1e-08,1e-10,0.02767167421590848,0.6759267665107862,1.1,,,,
sensitivity,bistable,4.4,0.0148,1.0,interface_10pct,0.02,0.09061035156250001,0.5,2.0,,case0329,66.71671125279777,0.526,90.67861389688085,1.2451890926313678,60.240962517200884,60.24096251962648,1.0,1.0,0.502,3.76807751667485e-09,2.681413649677447e-09,0.08344352290121428,0.08687751353517856,2.522287934070278e-15,10983,DOP853,1e-08,1e-10,0.02767167421590848,0.6756375275138328,1.1,,,,
sensitivity,bistable,4.4,0.0148,1.0,independent32_seed11,0.02,0.0741357421875,0.05,2.0,,case0330,68.40768678427817,0.062,117.68455439219576,1.0232242326344514,60.240962517101,60.24096293641404,1.0,1.0,0.023,6.608692010301453e-07,4.7034102588637136e-07,0.002606006035519945,0.002703323021656594,1.781771211748483e-15,9591,DOP853,1e-08,1e-10,0.02767167421590817,0.6720377782811419,0.9,,,,
sensitivity,bistable,4.4,0.0148,1.0,independent32_seed11,0.02,0.0741357421875,0.5,2.0,,case0331,68.28920487876219,0.062,117.67775542796534,1.023280295690238,60.24096251720111,60.2409625181056,1.0,1.0,0.023,1.9517776284061483e-09,1.3889190098337633e-09,0.002489995848750386,0.002621736734280517,1.781771211748483e-15,11256,DOP853,1e-08,1e-10,0.02767167421590817,0.6720341328766853,0.9,,,,
sensitivity,bistable,4.4,0.0148,1.0,independent32_seed11,0.02,0.08237304687500001,0.05,2.0,,case0332,68.3253720920814,0.054,118.17273463156144,1.0191730209350982,60.24096251720085,60.240962523037,1.0,1.0,0.018000000000000002,9.0663504481725e-09,6.451618518700632e-09,0.0022037027873874505,0.0023214402005699193,1.781771211748483e-15,11181,DOP853,1e-08,1e-10,0.02767167421590814,0.6720509298337088,1.0,,,,
sensitivity,bistable,4.4,0.0148,1.0,independent32_seed11,0.02,0.08237304687500001,0.5,2.0,,case0333,68.25870376149412,0.054,118.1725516059682,1.0191745265845338,60.24096251720117,60.24096251832304,1.0,1.0,0.018000000000000002,2.4057672520783058e-09,1.7119714054789144e-09,0.002147211457451511,0.002284149240630908,1.781771211748483e-15,11157,DOP853,1e-08,1e-10,0.02767167421590814,0.672047222220769,1.0,,,,
sensitivity,bistable,4.4,0.0148,1.0,independent32_seed11,0.02,0.09061035156250001,0.05,2.0,,case0334,68.21013007323407,0.051000000000000004,118.33474823492223,1.0178284814780465,60.24096251720315,60.24096302872696,1.0,1.0,0.015,7.946544727799321e-07,5.654742740123741e-07,0.0020966157483619783,0.002262576810261753,1.781771211748483e-15,9501,DOP853,1e-08,1e-10,0.02767167421590855,0.6721756942405972,1.1,,,,
sensitivity,bistable,4.4,0.0148,1.0,independent32_seed11,0.02,0.09061035156250001,0.5,2.0,,case0335,68.19693583320019,0.051000000000000004,118.3347579265583,1.0178284055187867,60.240962517203315,60.24096252720823,1.0,1.0,0.015,2.1510634939936324e-08,1.530751501531012e-08,0.002091389695027299,0.002250479874618024,1.781771211748483e-15,10860,DOP853,1e-08,1e-10,0.02767167421590855,0.6721705934718939,1.1,,,,
sensitivity,bistable,4.4,0.0148,1.0,independent32_seed22,0.02,0.0741357421875,0.05,2.0,,case0336,68.08966095338063,0.063,117.66492509516814,1.0233867705228294,60.240962517177465,60.24096271500225,1.0,1.0,0.024,3.072719412244851e-07,2.1866290309955768e-07,0.0026341176402594436,0.0027764773649534545,1.813528114619243e-15,9615,DOP853,1e-08,1e-10,0.0276716742159082,0.6720511825284056,0.9,,,,
sensitivity,bistable,4.4,0.0148,1.0,independent32_seed22,0.02,0.0741357421875,0.5,2.0,,case0337,67.74526505554174,0.064,117.6513971542956,1.0234982138203004,60.24096251720322,60.24096252712181,1.0,1.0,0.024,1.5608270231837196e-08,1.1107653835756998e-08,0.0027189247728945714,0.0028578441613760133,1.813528114619243e-15,11007,DOP853,1e-08,1e-10,0.0276716742159082,0.672049108464966,0.9,,,,
sensitivity,bistable,4.4,0.0148,1.0,independent32_seed22,0.02,0.08237304687500001,0.05,2.0,,case0338,67.84660737372914,0.055,118.16632260271516,1.0192255456630093,60.24096251718083,60.24096269204353,1.0,1.0,0.018000000000000002,2.716118774337417e-07,1.932826496451143e-07,0.0023938476959212596,0.0025083627777755706,1.813528114619243e-15,9543,DOP853,1e-08,1e-10,0.027671674215908167,0.6720559963142062,1.0,,,,
sensitivity,bistable,4.4,0.0148,1.0,independent32_seed22,0.02,0.08237304687500001,0.5,2.0,,case0339,67.81563383970337,0.055,118.16623311165176,1.0192262801595415,60.240962517212765,60.24096256785097,1.0,1.0,0.018000000000000002,8.109780902376684e-08,5.7713428630740284e-08,0.0023790443642808016,0.002505120693443477,1.813528114619243e-15,9564,DOP853,1e-08,1e-10,0.027671674215908167,0.6720539673255512,1.0,,,,
sensitivity,bistable,4.4,0.0148,1.0,independent32_seed22,0.02,0.09061035156250001,0.05,2.0,,case0340,67.82211008196751,0.052000000000000005,118.33098840462577,1.0178590269152537,60.240962517235175,60.24096270080196,1.0,1.0,0.015,5.039149486574246e-07,3.585916398653301e-07,0.0023322460015209046,0.002453709409289798,1.813528114619243e-15,9516,DOP853,1e-08,1e-10,0.02767167421590855,0.6721798593457681,1.1,,,,
sensitivity,bistable,4.4,0.0148,1.0,independent32_seed22,0.02,0.09061035156250001,0.5,2.0,,case0341,67.8212487474174,0.052000000000000005,118.33098767091587,1.0178590331964474,60.24096251722517,60.240962620500106,1.0,1.0,0.015,1.604529065168947e-07,1.141943971815428e-07,0.0023267517423551016,0.0024521027491895735,1.813528114619243e-15,9489,DOP853,1e-08,1e-10,0.02767167421590855,0.6721770574282878,1.1,,,,
sensitivity,bistable,4.4,0.0148,1.0,independent32_seed33,0.02,0.0741357421875,0.05,2.0,,case0342,68.21795405702358,0.06,117.82850021248021,1.0220300207966002,60.240962517156504,60.24096292475636,1.0,1.0,0.023,6.331139168480604e-07,4.505391030221709e-07,0.00249688170739623,0.002666195832936122,1.7186353486446704e-15,9642,DOP853,1e-08,1e-10,0.027671674215908118,0.6719830995523984,0.9,,,,
sensitivity,bistable,4.4,0.0148,1.0,independent32_seed33,0.02,0.0741357421875,0.5,2.0,,case0343,67.75432677575084,0.061,117.82050229887774,1.0220958228938344,60.2409625171831,60.24096257226216,1.0,1.0,0.023,1.1586139825325859e-07,8.245806440057193e-08,0.0024882105293029433,0.002647425908375206,1.7186353486446704e-15,9717,DOP853,1e-08,1e-10,0.027671674215908118,0.671975009839568,0.9,,,,
sensitivity,bistable,4.4,0.0148,1.0,independent32_seed33,0.02,0.08237304687500001,0.05,2.0,,case0344,67.99523417119929,0.054,118.21597399962144,1.0188141001116355,60.24096251721898,60.240962869482075,1.0,1.0,0.018000000000000002,6.804381696978723e-07,4.842057085615911e-07,0.0020849266021920653,0.0022616283811663146,1.7186353486446704e-15,11289,DOP853,1e-08,1e-10,0.027671674215908073,0.6720439785112196,1.0,,,,
sensitivity,bistable,4.4,0.0148,1.0,independent32_seed33,0.02,0.08237304687500001,0.5,2.0,,case0345,67.75898801733737,0.054,118.21517334105397,1.0188206671307398,60.24096251730022,60.240962934915025,1.0,1.0,0.018000000000000002,6.488312165320309e-07,4.617712293623036e-07,0.002066894350150002,0.002245501825205331,1.7186353486446704e-15,9663,DOP853,1e-08,1e-10,0.027671674215908073,0.6720347342605882,1.0,,,,
sensitivity,bistable,4.4,0.0148,1.0,independent32_seed33,0.02,0.09061035156250001,0.05,2.0,,case0346,67.74816118963825,0.052000000000000005,118.36775019764667,1.0175544328560169,60.240962517201055,60.24096252425469,1.0,1.0,0.015,1.2292425410898034e-08,8.74735719293853e-09,0.0019842493543412946,0.0021641477941252156,1.7186353486446704e-15,9624,DOP853,1e-08,1e-10,0.02767167421590855,0.6721730958796073,1.1,,,,
sensitivity,bistable,4.4,0.0148,1.0,independent32_seed33,0.02,0.09061035156250001,0.5,2.0,,case0347,67.71429370977447,0.052000000000000005,118.36768282552433,1.0175549881074861,60.24096251717593,60.240962578180344,1.0,1.0,0.015,1.6308716044299842e-07,1.1606858867423469e-07,0.001983908390004906,0.002157001396275095,1.7186353486446704e-15,9588,DOP853,1e-08,1e-10,0.02767167421590855,0.672161606972223,1.1,,,,
repair,kv,0.0,0.0148,1.0,interface_10pct,0.02,0.018000000000000002,,2.0,,case0348,0.009666641324936054,0.021,0.00023158624743216394,0.022281000339397602,-4.85722573273506e-14,3.7470027081099033e-13,0.0,0.0,,3.093445638535641e-13,4.711884036099165e-14,2.7473083121881956e-05,2.7682419645533702e-05,1.7728873924482974e-15,6148,DOP853,1e-08,1e-10,0.02657221614181504,0.03259574454597072,0.9,,none,0,0.0
repair,kv,0.0,0.0148,1.0,original,0.02,0.018000000000000002,,2.0,,case0349,0.04367890685148812,0.02,0.000971932383467284,0.019715431141091703,2.0816681711721685e-14,1.0894063429134349e-12,0.0,0.0,,9.114237142782144e-13,1.4698265127533215e-13,0.00011568771165265809,0.00011622191725159464,2.130240428499519e-15,6172,DOP853,1e-08,1e-10,0.026572221596737396,0.03105203045194385,0.9,,full,32,28.8
repair,kv,0.0,0.0148,1.0,repair_directed_4,0.02,0.018000000000000002,,2.0,,case0350,0.04316812478660087,0.02,0.0009581229837875606,0.019630982513009685,6.938893903907228e-15,1.1657341758564144e-12,0.0,0.0,,1.0395330429791017e-12,1.5589069074656442e-13,0.0001140596253199638,0.00011458029153048894,1.9638291272849415e-15,6172,DOP853,1e-08,1e-10,0.02657222118250499,0.0310543770517545,0.9,,directed,4,3.6
repair,kv,0.0,0.0148,1.0,repair_random11_4,0.02,0.018000000000000002,,2.0,,case0351,0.010892689638372643,0.021,0.0002642633383779444,0.022735688725279927,-4.85722573273506e-14,2.706168622523819e-13,0.0,0.0,,2.2586099657218028e-13,3.328793697144684e-14,3.132836980334669e-05,3.160319229528529e-05,2.017544478800625e-15,6148,DOP853,1e-08,1e-10,0.0265722166866218,0.03259395932785878,0.9,,random11,4,3.6
repair,kv,0.0,0.0148,1.0,repair_random22_4,0.02,0.018000000000000002,,2.0,,case0352,0.029729251585244865,0.02,0.0006727923275799755,0.020322668762012525,-4.163336342344337e-14,3.122502256758253e-13,0.0,0.0,,2.8468980645124375e-13,4.4305775264813045e-14,8.001020810714718e-05,8.042165206357605e-05,2.0072582904239596e-15,6148,DOP853,1e-08,1e-10,0.02657221951292092,0.031680303643808166,0.9,,random22,4,3.6
repair,kv,0.0,0.0148,1.0,repair_random33_4,0.02,0.018000000000000002,,2.0,,case0353,0.018560805703310423,0.021,0.0004358838509182991,0.022151570173454607,-2.7755575615628914e-14,2.706168622523819e-13,0.0,0.0,,2.052611552949557e-13,3.1178138149312885e-14,5.168810565084511e-05,5.215710218101409e-05,2.012401384612292e-15,6148,DOP853,1e-08,1e-10,0.026572218775375744,0.032510558341795795,0.9,,random33,4,3.6
repair,kv,0.0,0.0148,1.0,repair_directed_8,0.02,0.018000000000000002,,2.0,,case0354,0.0436635273447783,0.02,0.0009706121348848802,0.01969133861857769,6.938893903907228e-15,1.2559397966072083e-12,0.0,0.0,,1.1272666827766287e-12,1.6878390577071636e-13,0.00011553247536577588,0.00011608386871459105,2.009054090139534e-15,6172,DOP853,1e-08,1e-10,0.026572221351108993,0.031052206015600728,0.9,,directed,8,7.2
repair,kv,0.0,0.0148,1.0,repair_random11_8,0.02,0.018000000000000002,,2.0,,case0355,0.010908145074414732,0.021,0.00026514993103214646,0.02277781534377353,-4.163336342344337e-14,3.3306690738754696e-13,0.0,0.0,,3.000854773005379e-13,4.8525372909080956e-14,3.1434609964220576e-05,3.170743965653992e-05,2.1729366767633636e-15,6148,DOP853,1e-08,1e-10,0.026572216690993897,0.03259395928122776,0.9,,random11,8,7.2
repair,kv,0.0,0.0148,1.0,repair_random22_8,0.02,0.018000000000000002,,2.0,,case0356,0.029906223973745483,0.02,0.0006785477703234316,0.020392069160531563,-4.163336342344337e-14,3.885780586188048e-13,0.0,0.0,,3.318526009543632e-13,4.993190545717026e-14,8.068897485768854e-05,8.110821649967039e-05,2.1496277679332532e-15,6148,DOP853,1e-08,1e-10,0.026572219630833647,0.03168028491477732,0.9,,random22,8,7.2
repair,kv,0.0,0.0148,1.0,repair_random33_8,0.02,0.018000000000000002,,2.0,,case0357,0.03276008229692595,0.02,0.0007426602384461439,0.020433159678805927,-4.163336342344337e-14,2.983724378680108e-13,0.0,0.0,,2.6831835364671264e-13,3.8914067163804046e-14,8.830132885788299e-05,8.881846759178391e-05,2.2293028953489905e-15,6148,DOP853,1e-08,1e-10,0.02657222060201164,0.0316654905729736,0.9,,random33,8,7.2
repair,kv,0.0,0.0148,1.0,repair_directed_16,0.02,0.018000000000000002,,2.0,,case0358,0.04368813283526368,0.02,0.0009721174678786922,0.01971569245276126,6.938893903907228e-15,1.2351231148954867e-12,0.0,0.0,,1.2460085047072411e-12,1.650331523091449e-13,0.00011570893783478506,0.00011624788023090044,2.0995040158487192e-15,6172,DOP853,1e-08,1e-10,0.026572221544196195,0.031052030941096275,0.9,,directed,16,14.4
repair,kv,0.0,0.0148,1.0,repair_random11_16,0.02,0.018000000000000002,,2.0,,case0359,0.015700086205133745,0.021,0.00037508876503112437,0.022540798657716413,-5.551115123125783e-14,2.914335439641036e-13,0.0,0.0,,2.446176941561795e-13,3.82108008897594e-14,4.446535425630273e-05,4.4869119238059585e-05,2.4142464686429332e-15,6148,DOP853,1e-08,1e-10,0.026572218223039838,0.032546597142974205,0.9,,random11,16,14.4
repair,kv,0.0,0.0148,1.0,repair_random22_16,0.02,0.018000000000000002,,2.0,,case0360,0.032474228405916794,0.02,0.0007357954195484351,0.020401395171156238,-7.632783294297951e-14,2.983724378680108e-13,0.0,0.0,,2.4747998789154124e-13,3.7507534615714745e-14,8.748950120806428e-05,8.797664937196591e-05,2.36053111712725e-15,6148,DOP853,1e-08,1e-10,0.026572220239313396,0.03165476081664065,0.9,,random22,16,14.4
repair,kv,0.0,0.0148,1.0,repair_random33_16,0.02,0.018000000000000002,,2.0,,case0361,0.03558331211534621,0.02,0.0008049329675249851,0.020422026121833674,-2.7755575615628914e-14,3.3306690738754696e-13,0.0,0.0,,3.094963521577121e-13,4.219597644267909e-14,9.569717744071491e-05,9.630007054790278e-05,2.401468053147879e-15,6148,DOP853,1e-08,1e-10,0.026572221108289815,0.031639120581019226,0.9,,random33,16,14.4
repair,kv,0.0,0.0148,1.0,interface_10pct,0.02,0.02,,2.0,,case0362,0.010736151549679829,0.021,0.00025714384444670835,0.022274007725401754,-6.245004513516506e-14,2.706168622523819e-13,0.0,0.0,,1.870031907102998e-13,3.211582651470575e-14,3.0503981597651543e-05,3.0738858845478184e-05,1.7728873924482974e-15,6148,DOP853,1e-08,1e-10,0.02657221430181155,0.033364004719926746,1.0,,none,0,0.0
repair,kv,0.0,0.0148,1.0,original,0.02,0.02,,2.0,,case0363,0.04851702916553596,0.02,0.0010794332840305156,0.019710894640259123,6.938893903907228e-15,1.2212453270876722e-12,0.0,0.0,,1.1591422266477025e-12,1.6245450930431449e-13,0.00012849702675905088,0.0001290979161831171,2.130240428499519e-15,6202,DOP853,1e-08,1e-10,0.026572220500472005,0.031605905321771634,1.0,,full,32,28.8
repair,kv,0.0,0.0148,1.0,repair_directed_4,0.02,0.02,,2.0,,case0364,0.0479495639929689,0.02,0.0010640944715427127,0.019626413921811744,2.0816681711721685e-14,1.1379786002407855e-12,0.0,0.0,,1.043696379321446e-12,1.4932687218881434e-13,0.00012668888781899596,0.00012727503683188318,1.9638291272849415e-15,6202,DOP853,1e-08,1e-10,0.02657222003539263,0.03160857006917111,1.0,,directed,4,3.6
repair,kv,0.0,0.0148,1.0,repair_random11_4,0.02,0.02,,2.0,,case0365,0.012097907593558443,0.021,0.0002934230835726012,0.022728595941184173,-4.85722573273506e-14,3.5388358909926865e-13,0.0,0.0,,2.985025421287091e-13,4.360250899076839e-14,3.4784037937215846e-05,3.509234949352832e-05,2.017544478800625e-15,6148,DOP853,1e-08,1e-10,0.026572214910006012,0.03336196392323649,1.0,,random11,4,3.6
repair,kv,0.0,0.0148,1.0,repair_random22_4,0.02,0.02,,2.0,,case0366,0.033020881841955285,0.02,0.0007471481461954477,0.02031733024843259,-4.85722573273506e-14,4.787836793695988e-13,0.0,0.0,,4.014583804279326e-13,6.470049721210793e-14,8.88584126244187e-05,8.932153983066419e-05,2.0072582904239596e-15,6148,DOP853,1e-08,1e-10,0.026572218145252815,0.03232007208285799,1.0,,random22,4,3.6
repair,kv,0.0,0.0148,1.0,repair_random33_4,0.02,0.02,,2.0,,case0367,0.02061418587500502,0.021,0.0004839855031847917,0.02214485164715237,-5.551115123125783e-14,2.706168622523819e-13,0.0,0.0,,2.1913894310277016e-13,3.1178138149312885e-14,5.7391155632443896e-05,5.791792898603601e-05,2.012401384612292e-15,6148,DOP853,1e-08,1e-10,0.026572217302132262,0.03326666143158212,1.0,,random33,4,3.6
repair,kv,0.0,0.0148,1.0,repair_directed_8,0.02,0.02,,2.0,,case0368,0.0484999289907459,0.02,0.0010779665016935683,0.019686792455471107,-2.0816681711721685e-14,1.2212453270876722e-12,0.0,0.0,,1.085655003396635e-12,1.626889313956627e-13,0.00012832463406466183,0.0001289451098979481,2.009054090139534e-15,6202,DOP853,1e-08,1e-10,0.02657222022388779,0.03160610468009345,1.0,,directed,8,7.2
repair,kv,0.0,0.0148,1.0,repair_random11_8,0.02,0.02,,2.0,,case0369,0.012115077145553876,0.021,0.0002944074982360531,0.022770729767249226,-4.85722573273506e-14,2.983724378680108e-13,0.0,0.0,,2.6408996517401917e-13,3.8914067163804046e-14,3.490197852997032e-05,3.52078920513719e-05,2.1729366767633636e-15,6148,DOP853,1e-08,1e-10,0.02657221491488287,0.033361963869949954,1.0,,random11,8,7.2
repair,kv,0.0,0.0148,1.0,repair_random22_8,0.02,0.02,,2.0,,case0370,0.03321746420869437,0.02,0.0007535386669705671,0.02038671941723378,-4.163336342344337e-14,3.5388358909926865e-13,0.0,0.0,,3.2591117304914263e-13,4.875979500042917e-14,8.961204133925669e-05,9.008355191614989e-05,2.1496277679332532e-15,6148,DOP853,1e-08,1e-10,0.026572218279168926,0.03232005075985452,1.0,,random22,8,7.2
repair,kv,0.0,0.0148,1.0,repair_random33_8,0.02,0.02,,2.0,,case0371,0.03638716950677551,0.02,0.0008247302077205657,0.02042774335062522,-2.7755575615628914e-14,4.3021142204224816e-13,0.0,0.0,,3.7715056772080757e-13,5.5089191466831036e-14,9.806622532836178e-05,9.864791334927174e-05,2.2293028953489905e-15,6148,DOP853,1e-08,1e-10,0.026572219373616947,0.032303208766822175,1.0,,random33,8,7.2
repair,kv,0.0,0.0148,1.0,repair_directed_16,0.02,0.02,,2.0,,case0372,0.048527278401017115,0.02,0.0010796388199098839,0.019711155532944374,-1.3877787807814457e-14,1.096345236817342e-12,0.0,0.0,,1.0337000352911296e-12,1.474514954580286e-13,0.00012852059931392555,0.0001291267802617112,2.0995040158487192e-15,6202,DOP853,1e-08,1e-10,0.026572220437895876,0.03160590587701318,1.0,,directed,16,14.4
repair,kv,0.0,0.0148,1.0,repair_random11_16,0.02,0.02,,2.0,,case0373,0.01743713183594703,0.021,0.00041647865481930085,0.02253389808190428,-4.85722573273506e-14,2.0122792321330962e-13,0.0,0.0,,1.857238321467669e-13,2.883391723583071e-14,4.9370659311320156e-05,4.982384290004938e-05,2.4142464686429332e-15,6148,DOP853,1e-08,1e-10,0.026572216675610258,0.033307837986500215,1.0,,random11,16,14.4
repair,kv,0.0,0.0148,1.0,repair_random22_16,0.02,0.02,,2.0,,case0374,0.036069791167755993,0.02,0.0008171122736207528,0.020396045084698045,-2.7755575615628914e-14,4.0245584642661925e-13,0.0,0.0,,3.4161042050673274e-13,5.274497055334886e-14,9.716484025968894e-05,9.771261764801333e-05,2.36053111712725e-15,6148,DOP853,1e-08,1e-10,0.026572218962841513,0.03229099308803952,1.0,,random22,16,14.4
repair,kv,0.0,0.0148,1.0,repair_random33_16,0.02,0.02,,2.0,,case0375,0.039523098342535146,0.02,0.0008938920434430758,0.02041679643766774,-1.3877787807814457e-14,3.677613769070831e-13,0.0,0.0,,3.6424856186823007e-13,4.875979500042917e-14,0.00010628043429652628,0.0001069583717146624,2.401468053147879e-15,6148,DOP853,1e-08,1e-10,0.02657221994071655,0.03227318937755689,1.0,,random33,16,14.4
repair,kv,0.0,0.0148,1.0,interface_10pct,0.02,0.022000000000000002,,2.0,,case0376,0.011804652566407836,0.021,0.0002826634201157363,0.022266904833559586,-4.85722573273506e-14,2.2898349882893854e-13,0.0,0.0,,1.8455289380048256e-13,2.7427384687741408e-14,3.353014318807572e-05,3.379119379810993e-05,1.7728873924482974e-15,6148,DOP853,1e-08,1e-10,0.026572212419278676,0.03415388338305646,1.1,,none,0,0.0
repair,kv,0.0,0.0148,1.0,original,0.02,0.022000000000000002,,2.0,,case0377,0.05335191600520928,0.02,0.00118682979937558,0.01970631024472388,-2.7755575615628914e-14,9.506284648352903e-13,0.0,0.0,,8.761220915420864e-13,1.268223514193855e-13,0.00014129662857653995,0.0001419658977609435,2.130240428499519e-15,6202,DOP853,1e-08,1e-10,0.026572219390968748,0.032171815127308115,1.1,,full,32,28.8
repair,kv,0.0,0.0148,1.0,repair_directed_4,0.02,0.022000000000000002,,2.0,,case0378,0.052727783001312034,0.02,0.0011699626343055387,0.019621797169934726,6.938893903907228e-15,9.298117831235686e-13,0.0,0.0,,8.788759650601996e-13,1.2400928632320687e-13,0.000139308617563543,0.00013996224249011725,1.9638291272849415e-15,6190,DOP853,1e-08,1e-10,0.02657221887030547,0.03217481072296177,1.1,,directed,4,3.6
repair,kv,0.0,0.0148,1.0,repair_random11_4,0.02,0.022000000000000002,,2.0,,case0379,0.013302003208252866,0.021,0.0003225386337584041,0.02272139349532732,-5.551115123125783e-14,2.1510571102112408e-13,0.0,0.0,,1.8173396815202025e-13,2.906833932717893e-14,3.823419275918407e-05,3.85766230146161e-05,2.017544478800625e-15,6148,DOP853,1e-08,1e-10,0.02657221309145223,0.03415157401645826,1.1,,random11,4,3.6
repair,kv,0.0,0.0148,1.0,repair_random22_4,0.02,0.022000000000000002,,2.0,,case0380,0.03630998854357165,0.02,0.0008214182785122037,0.02031192356932751,-2.0816681711721685e-14,5.412337245047638e-13,0.0,0.0,,5.161236021899995e-13,7.431180295738484e-14,9.769751458407064e-05,9.821359896098151e-05,2.0072582904239596e-15,6148,DOP853,1e-08,1e-10,0.026572216750927753,0.03297544472696708,1.1,,random22,4,3.6
repair,kv,0.0,0.0148,1.0,repair_random33_4,0.02,0.022000000000000002,,2.0,,case0381,0.02266560193617262,0.021,0.0005320154617308656,0.02213803104851834,-2.7755575615628914e-14,1.5959455978986625e-13,0.0,0.0,,1.4259426972529354e-13,2.227009867808063e-14,6.30854596356392e-05,6.367122010003995e-05,2.012401384612292e-15,6148,DOP853,1e-08,1e-10,0.026572215796000744,0.034043773468800345,1.1,,random33,4,3.6
repair,kv,0.0,0.0148,1.0,repair_directed_8,0.02,0.022000000000000002,,2.0,,case0382,0.05333309269730385,0.02,0.0011852165213567384,0.01968219833543225,-6.938893903907228e-15,9.43689570931383e-13,0.0,0.0,,8.125878442344359e-13,1.2189948750107292e-13,0.00014110709884107428,0.00014179832139501875,2.009054090139534e-15,6202,DOP853,1e-08,1e-10,0.02657221908266504,0.03217203922925747,1.1,,directed,8,7.2
repair,kv,0.0,0.0148,1.0,repair_random11_8,0.02,0.022000000000000002,,2.0,,case0383,0.013320886191665882,0.021,0.0003236207217747686,0.022763534699186176,-4.163336342344337e-14,2.0122792321330962e-13,0.0,0.0,,1.4996684449819497e-13,2.391105331751815e-14,3.836381139415566e-05,3.870339907105467e-05,2.1729366767633636e-15,6148,DOP853,1e-08,1e-10,0.026572213096839895,0.034151573956181354,1.1,,random11,8,7.2
repair,kv,0.0,0.0148,1.0,repair_random22_8,0.02,0.022000000000000002,,2.0,,case0384,0.036526169508013795,0.02,0.0008284429438993671,0.02038130157970988,-6.938893903907228e-15,3.885780586188048e-13,0.0,0.0,,3.3623277773120464e-13,5.204170427930421e-14,9.852588721864103e-05,9.905087998466849e-05,2.1496277679332532e-15,6148,DOP853,1e-08,1e-10,0.026572216898803316,0.03297542069525525,1.1,,random22,8,7.2
repair,kv,0.0,0.0148,1.0,repair_random33_8,0.02,0.022000000000000002,,2.0,,case0385,0.040011454922307677,0.02,0.0009067041159190395,0.020422259219992345,-1.3877787807814457e-14,5.48172618408671e-13,0.0,0.0,,4.830554359291916e-13,7.196758204390267e-14,0.0001078210389288739,0.00010846878911982797,2.2293028953489905e-15,6148,DOP853,1e-08,1e-10,0.026572218127364548,0.03295644092248524,1.1,,random33,8,7.2
repair,kv,0.0,0.0148,1.0,repair_directed_16,0.02,0.022000000000000002,,2.0,,case0386,0.05336318809742724,0.02,0.001187055762840939,0.019706570713181222,2.0816681711721685e-14,7.979727989493313e-13,0.0,0.0,,7.027364801182046e-13,1.0595878528939416e-13,0.00014132254494213543,0.0001419981096942548,2.0995040158487192e-15,6202,DOP853,1e-08,1e-10,0.02657221931748115,0.03217181575123512,1.1,,directed,16,14.4
repair,kv,0.0,0.0148,1.0,repair_random11_16,0.02,0.022000000000000002,,2.0,,case0387,0.01917254568824245,0.021,0.00045780620026417834,0.02252689219488444,-5.551115123125783e-14,2.914335439641036e-13,0.0,0.0,,2.4682946658804994e-13,3.5866579976277223e-14,5.4268266192479656e-05,5.477184037201866e-05,2.4142464686429332e-15,6148,DOP853,1e-08,1e-10,0.026572215098608305,0.034090344269558856,1.1,,random11,16,14.4
repair,kv,0.0,0.0148,1.0,repair_random22_16,0.02,0.022000000000000002,,2.0,,case0388,0.03966260238950914,0.02,0.0008983351043974144,0.02039062785471744,-5.551115123125783e-14,4.718447854656915e-13,0.0,0.0,,4.376490489454987e-13,6.165301002458112e-14,0.00010683023784631798,0.00010744003177329024,2.36053111712725e-15,6148,DOP853,1e-08,1e-10,0.026572217666879363,0.032942673723414945,1.1,,random22,16,14.4
repair,kv,0.0,0.0148,1.0,repair_random33_16,0.02,0.022000000000000002,,2.0,,case0389,0.04345986895328002,0.02,0.0009827486353519918,0.020411501589876924,-2.0816681711721685e-14,7.216449660063518e-13,0.0,0.0,,6.324801793411439e-13,9.353441444793865e-14,0.00011685287265504463,0.0001176075738957021,2.401468053147879e-15,6148,DOP853,1e-08,1e-10,0.026572218756237075,0.032922611545419936,1.1,,random33,16,14.4
repair,bistable,4.0,0.0148,1.0,interface_10pct,0.02,0.0741357421875,,2.0,,case0390,1.7560939154446995,0.07100000000000001,3.311714874583177,1.018057155016994,1.6863323334390459,58.518378814054095,0.0,0.0,,5.439590444744624e-08,4.1893208121754114e-08,0.3291944285440729,0.3291944285440729,2.42861286636753e-15,10951,DOP853,1e-08,1e-10,0.027555593451844777,0.6432682652479603,0.9,,none,0,0.0
repair,bistable,4.0,0.0148,1.0,original,0.02,0.0741357421875,,2.0,,case0391,0.8556531712977933,0.052000000000000005,1.5572893579956342,1.0081488848218956,0.7850108686145509,38.55432504428178,0.0,0.0,,4.144579644760338e-13,1.200241107702872e-13,0.13614241737070526,0.13614241737070526,2.706168622523819e-15,6427,DOP853,1e-08,1e-10,0.027555593451844714,0.3067490417166062,0.9,,full,32,28.8
repair,bistable,4.0,0.0148,1.0,repair_directed_4,0.02,0.0741357421875,,2.0,,case0392,0.8537321402331127,0.053,1.544844872307198,1.0079956185024779,0.7786121194665041,38.62720708115899,0.0,0.0,,2.6274555448013714e-13,2.513004819252888e-13,0.13358651037354907,0.13358651037354907,2.2362775101454614e-15,6427,DOP853,1e-08,1e-10,0.02755559345184472,0.30853538855351403,0.9,,directed,4,3.6
repair,bistable,4.0,0.0148,1.0,repair_random11_4,0.02,0.0741357421875,,2.0,,case0393,66.20759770686234,0.068,114.01932137853768,1.025787918461568,58.518378880878686,58.51837946518476,1.0,1.0,0.031,8.882479501925999e-07,6.839702978163894e-07,0.004352224166605756,0.004613369814350155,2.155503393706861e-15,9919,DOP853,1e-08,1e-10,0.02755559345184477,0.6438917371963387,0.9,,random11,4,3.6
repair,bistable,4.0,0.0148,1.0,repair_random22_4,0.02,0.0741357421875,,2.0,,case0394,66.36436151746744,0.067,114.08193642521871,1.025251520365223,58.51837888072445,58.51837889360745,1.0,1.0,0.028,1.9285525953982585e-08,1.484742509119299e-08,0.003883417563578486,0.004083433564393444,2.1643959606981026e-15,9634,DOP853,1e-08,1e-10,0.027555593451843656,0.6440754575677929,0.9,,random22,4,3.6
repair,bistable,4.0,0.0148,1.0,repair_random33_4,0.02,0.0741357421875,,2.0,,case0395,66.0791837121497,0.064,114.26697166714052,1.0236713348262623,58.51837888091448,58.51837911975033,1.0,1.0,0.028,5.278804615649335e-07,4.0640718268180863e-07,0.0036823170810667016,0.003848047983005423,2.159949677202482e-15,11248,DOP853,1e-08,1e-10,0.027555593451844294,0.6443247765274669,0.9,,random33,4,3.6
repair,bistable,4.0,0.0148,1.0,repair_directed_8,0.02,0.0741357421875,,2.0,,case0396,0.8558910617588039,0.052000000000000005,1.556585934629453,1.0081255763326662,0.7846371250758641,38.565055132320545,0.0,0.0,,3.221815175757925e-13,1.2752561769343013e-13,0.13583508930035143,0.13583508930035143,2.2729256527523314e-15,6427,DOP853,1e-08,1e-10,0.027555593451844714,0.3069941751030021,0.9,,directed,8,7.2
repair,bistable,4.0,0.0148,1.0,repair_random11_8,0.02,0.0741357421875,,2.0,,case0397,65.84728312597424,0.067,114.06586645481903,1.0253912240735805,58.51837888076291,58.51837908161531,1.0,1.0,0.031,3.0989579513640564e-07,2.386259883384949e-07,0.004971609447149202,0.005394720429437419,1.9980645832008062e-15,11635,DOP853,1e-08,1e-10,0.02755559345184477,0.6438911554278475,0.9,,random11,8,7.2
repair,bistable,4.0,0.0148,1.0,repair_random22_8,0.02,0.0741357421875,,2.0,,case0398,66.41683650563284,0.065,114.18292453121236,1.0243893568303293,58.518378880478714,58.518379807925626,1.0,1.0,0.028,1.3915667063102433e-06,1.0710235626304616e-06,0.003978734865694656,0.004180648517704187,2.0483884374190132e-15,11131,DOP853,1e-08,1e-10,0.027555593451843656,0.6440241974342064,0.9,,random22,8,7.2
repair,bistable,4.0,0.0148,1.0,repair_random33_8,0.02,0.0741357421875,,2.0,,case0399,66.29353265116029,0.066,114.15017758015503,1.0246682387308177,58.518378880723965,58.51837888126781,1.0,1.0,0.03,8.14134870630312e-10,6.266533838385926e-10,0.003676126006263196,0.0038294268365422885,1.9215346740613496e-15,10939,DOP853,1e-08,1e-10,0.02755559345184377,0.6441218353695134,0.9,,random33,8,7.2
repair,bistable,4.0,0.0148,1.0,repair_directed_16,0.02,0.0741357421875,,2.0,,case0400,0.8558609116159771,0.052000000000000005,1.5576336660079595,1.0081487734089394,0.7851843243190728,38.554597967862506,0.0,0.0,,3.179422870813742e-13,3.0006027692571796e-13,0.13617233476218926,0.13617233476218926,2.3462219379660714e-15,6427,DOP853,1e-08,1e-10,0.027555593451844714,0.30675423237660193,0.9,,directed,16,14.4
repair,bistable,4.0,0.0148,1.0,repair_random11_16,0.02,0.0741357421875,,2.0,,case0401,66.0155970509604,0.063,114.33135816779313,1.0231230378104965,58.51837888072449,58.51837889166525,1.0,1.0,0.029,1.638994495678503e-08,1.2608727875598671e-08,0.004619108187062523,0.004946424789508019,1.8379310860899873e-15,11302,DOP853,1e-08,1e-10,0.027555593451844475,0.6441218987017882,0.9,,random11,16,14.4
repair,bistable,4.0,0.0148,1.0,repair_random22_16,0.02,0.0741357421875,,2.0,,case0402,66.07443704103375,0.067,114.06763507370303,1.0253733643514042,58.518378880566935,58.51837894764771,1.0,1.0,0.032,1.6733729957252308e-07,1.286078375927112e-07,0.004121937504621816,0.0043053842140225364,1.918705202528587e-15,11152,DOP853,1e-08,1e-10,0.02755559345184372,0.6441419848146579,0.9,,random22,16,14.4
repair,bistable,4.0,0.0148,1.0,repair_random33_16,0.02,0.0741357421875,,2.0,,case0403,66.38594289579937,0.073,113.73407072386865,1.02822170279629,58.5183788803954,58.51837934735233,1.0,1.0,0.037,7.007586733109861e-07,5.376819785203564e-07,0.004003092958841215,0.004128862876046279,1.855514143875992e-15,9403,DOP853,1e-08,1e-10,0.02755559345184378,0.6443402669195136,0.9,,random33,16,14.4
repair,bistable,4.0,0.0148,1.0,interface_10pct,0.02,0.08237304687500001,,2.0,,case0404,1.7561044664024805,0.069,3.314116489669798,1.0173455529220523,1.6863323334389975,58.51837881419469,0.0,0.0,,6.662283891234466e-07,5.130988802006077e-07,0.32943139197860727,0.32943139197860727,2.42861286636753e-15,9142,DOP853,1e-08,1e-10,0.02755559345184366,0.6432682651930457,1.0,,none,0,0.0
repair,bistable,4.0,0.0148,1.0,original,0.02,0.08237304687500001,,2.0,,case0405,65.99704021939768,0.108,111.76561634153745,1.0450210309176307,58.51837888072404,58.51837888072406,1.0,1.0,0.032,2.7755575615628914e-15,5.2510548462000647e-14,0.005717125672220006,0.00584811091477402,2.706168622523819e-15,35692,DOP853,1e-12,1e-14,0.027555593451845068,0.6444347251381728,1.0,True,full,32,28.8
repair,bistable,4.0,0.0148,1.0,repair_directed_4,0.02,0.08237304687500001,,2.0,,case0406,65.27383501041611,0.079,113.46227984536091,1.0305391675528,58.51837888072333,58.518378881701764,1.0,1.0,0.027,1.4648032786723775e-09,1.1267338413629941e-09,0.0032382081505975446,0.003274552513726566,2.2362775101454614e-15,11008,DOP853,1e-08,1e-10,0.027555593451844718,0.6442714632449622,1.0,,directed,4,3.6
repair,bistable,4.0,0.0148,1.0,repair_random11_4,0.02,0.08237304687500001,,2.0,,case0407,66.16105148591805,0.066,114.10543945679771,1.0250521238692565,58.51837888071547,58.51837891230174,1.0,1.0,0.029,4.843160872347596e-08,3.7296299682265965e-08,0.004342003294081618,0.004603057450688117,2.155503393706861e-15,11524,DOP853,1e-08,1e-10,0.02755559345184365,0.6440284643810327,1.0,,random11,4,3.6
repair,bistable,4.0,0.0148,1.0,repair_random22_4,0.02,0.08237304687500001,,2.0,,case0408,66.37055904727238,0.063,114.29587505040337,1.0234237949757308,58.51837888071497,58.51837917560989,1.0,1.0,0.024,4.494092070705946e-07,3.4598853061841685e-07,0.0036862086863687555,0.0038791965575416002,2.1643959606981026e-15,11206,DOP853,1e-08,1e-10,0.027555593451843483,0.6442551302235352,1.0,,random22,4,3.6
repair,bistable,4.0,0.0148,1.0,repair_random33_4,0.02,0.08237304687500001,,2.0,,case0409,66.0784915210717,0.062,114.37152735277928,1.0227780427809101,58.518378880734176,58.5183788934216,1.0,1.0,0.026000000000000002,2.8095648030301845e-08,2.163042267822346e-08,0.003650560826686881,0.003815536646966866,2.159949677202482e-15,11263,DOP853,1e-08,1e-10,0.027555593451843524,0.6445504961311681,1.0,,random33,4,3.6
repair,bistable,4.0,0.0148,1.0,repair_directed_8,0.02,0.08237304687500001,,2.0,,case0410,65.38062741104513,0.093,112.63589308607737,1.0375935379158943,58.51837888072951,58.5183788831662,1.0,1.0,0.031,3.6654013157999543e-09,2.814122808654769e-09,0.00435417269115956,0.004394935488898394,2.2729256527523314e-15,9298,DOP853,1e-08,1e-10,0.02755559345184471,0.6443903620299226,1.0,,directed,8,7.2
repair,bistable,4.0,0.0148,1.0,repair_random11_8,0.02,0.08237304687500001,,2.0,,case0411,65.87442752379097,0.066,114.1519187978833,1.0246559899628078,58.51837888077314,58.5183791333449,1.0,1.0,0.029,3.884018218158758e-07,2.990766343289139e-07,0.0049613116294087295,0.005384881010177242,1.9980645832008062e-15,11440,DOP853,1e-08,1e-10,0.02755559345184365,0.6440279792528557,1.0,,random11,8,7.2
repair,bistable,4.0,0.0148,1.0,repair_random22_8,0.02,0.08237304687500001,,2.0,,case0412,66.40996165519483,0.061,114.38789050567013,1.0226382635386573,58.51837888073061,58.51837890423469,1.0,1.0,0.024,3.520326530281892e-08,2.7094407798436938e-08,0.003793568034718587,0.003989624623925487,2.0483884374190132e-15,11188,DOP853,1e-08,1e-10,0.027555593451843483,0.6442088484687312,1.0,,random22,8,7.2
repair,bistable,4.0,0.0148,1.0,repair_random33_8,0.02,0.08237304687500001,,2.0,,case0413,66.24276457273649,0.06,114.4629349306711,1.0219964861797195,58.51837888072473,58.51837888530737,1.0,1.0,0.024,7.160519399640464e-09,5.511499665064665e-09,0.0033841651031362393,0.003529506849416013,1.9215346740613496e-15,10903,DOP853,1e-08,1e-10,0.027555593451843618,0.6442340830297026,1.0,,random33,8,7.2
repair,bistable,4.0,0.0148,1.0,repair_directed_16,0.02,0.08237304687500001,,2.0,,case0414,65.5884253300712,0.108,111.79675575685974,1.044754966281164,58.51837888072404,58.51837888072406,1.0,1.0,0.032,2.7755575615628914e-15,5.2510548462000647e-14,0.005550910543530474,0.005619899301300792,2.3462219379660714e-15,35752,DOP853,1e-12,1e-14,0.027555593451845068,0.6444339179044583,1.0,True,directed,16,14.4
repair,bistable,4.0,0.0148,1.0,repair_random11_16,0.02,0.08237304687500001,,2.0,,case0415,66.04821125598596,0.061,114.42466285632966,1.0223258261920818,58.51837888072172,58.51837891767431,1.0,1.0,0.027,8.465136924762362e-08,6.51218943635155e-08,0.004600378915737912,0.004926320421767916,1.8379310860899873e-15,11263,DOP853,1e-08,1e-10,0.027555593451843545,0.6443219533652661,1.0,,random11,16,14.4
repair,bistable,4.0,0.0148,1.0,repair_random22_16,0.02,0.08237304687500001,,2.0,,case0416,66.1460563876004,0.061,114.40802176726699,1.0224657398833987,58.518378880665395,58.518378905703095,1.0,1.0,0.025,6.246171635471143e-08,4.800526342807176e-08,0.003842602986815194,0.004025193802625711,1.918705202528587e-15,9310,DOP853,1e-08,1e-10,0.027555593451843555,0.6442369917939808,1.0,,random22,16,14.4
repair,bistable,4.0,0.0148,1.0,repair_random33_16,0.02,0.08237304687500001,,2.0,,case0417,66.32781766380666,0.061,114.4225935011839,1.0223408397733782,58.51837888072853,58.518378884810055,1.0,1.0,0.024,9.580136683950968e-09,7.3507041294670064e-09,0.003278977014562474,0.0033951117965054156,1.855514143875992e-15,10990,DOP853,1e-08,1e-10,0.02755559345184363,0.644294682852339,1.0,,random33,16,14.4
repair,bistable,4.0,0.0148,1.0,interface_10pct,0.02,0.09061035156250001,,2.0,,case0418,1.756090186553358,0.068,3.3158838365078784,1.0168218824228836,1.6863323334390667,58.51837881406231,0.0,0.0,,2.890018224732671e-08,2.2257623672067445e-08,0.32960578128521467,0.32960578128521467,2.42861286636753e-15,10768,DOP853,1e-08,1e-10,0.02755559345184428,0.6432682652429501,1.1,,none,0,0.0
repair,bistable,4.0,0.0148,1.0,original,0.02,0.09061035156250001,,2.0,,case0419,66.0140653419072,0.059000000000000004,114.55004789033597,1.0212513285825804,58.51837888072414,58.51837888116697,1.0,1.0,0.019,8.750028479553862e-10,6.690669039820428e-10,0.00253774329115348,0.0026647380835276915,2.706168622523819e-15,11008,DOP853,1e-08,1e-10,0.027555593451845068,0.6441411317476483,1.1,,full,32,28.8
repair,bistable,4.0,0.0148,1.0,repair_directed_4,0.02,0.09061035156250001,,2.0,,case0420,65.2872067836086,0.06,114.54599561678725,1.0212848830105352,58.518378880715595,58.518378892282,1.0,1.0,0.019,1.7316270639611275e-08,1.3319398136976465e-08,0.0021607798232535828,0.0021984818005319606,2.2362775101454614e-15,11014,DOP853,1e-08,1e-10,0.027555593451845068,0.6441214790736749,1.1,,directed,4,3.6
repair,bistable,4.0,0.0148,1.0,repair_random11_4,0.02,0.09061035156250001,,2.0,,case0421,66.17996878447511,0.065,114.16891087778781,1.0245098244096469,58.51837888072578,58.518378887327955,1.0,1.0,0.028,1.0053591292802366e-08,7.741495132628138e-09,0.004334527512505855,0.004595588972889328,2.155503393706861e-15,11524,DOP853,1e-08,1e-10,0.02755559345184428,0.6441812728555781,1.1,,random11,4,3.6
repair,bistable,4.0,0.0148,1.0,repair_random22_4,0.02,0.09061035156250001,,2.0,,case0422,66.25910346306281,0.061,114.44132806659279,1.0221810969697076,58.51837888071984,58.518379011683884,1.0,1.0,0.02,1.9759291425280878e-07,1.521211610131643e-07,0.0034797421594302685,0.003660577187415229,2.1643959606981026e-15,11296,DOP853,1e-08,1e-10,0.02755559345184333,0.6444778878487131,1.1,,random22,4,3.6
repair,bistable,4.0,0.0148,1.0,repair_random33_4,0.02,0.09061035156250001,,2.0,,case0423,66.06386674372763,0.061,114.45100942980702,1.0220989747178246,58.51837888072113,58.51837888611625,1.0,1.0,0.025,8.071707191525945e-09,6.214233332117773e-09,0.0036193114508628523,0.0037841722449497486,2.159949677202482e-15,11245,DOP853,1e-08,1e-10,0.027555593451844367,0.6447992885042293,1.1,,random33,4,3.6
repair,bistable,4.0,0.0148,1.0,repair_directed_8,0.02,0.09061035156250001,,2.0,,case0424,65.40250858205178,0.06,114.53651694151623,1.0213660757145389,58.51837888177103,58.51837934868004,1.0,1.0,0.019,7.023503056924341e-07,5.392264412762415e-07,0.0022885210796064204,0.0023282007982666423,2.2729256527523314e-15,9370,DOP853,1e-08,1e-10,0.027555593451845068,0.644137649819002,1.1,,directed,8,7.2
repair,bistable,4.0,0.0148,1.0,repair_random11_8,0.02,0.09061035156250001,,2.0,,case0425,65.86957027034302,0.065,114.21530499946817,1.0241144141385077,58.51837888073589,58.51837894107427,1.0,1.0,0.028,9.206120588078903e-08,7.08888278408201e-08,0.0049539040467484075,0.005377198905924556,1.9980645832008062e-15,11536,DOP853,1e-08,1e-10,0.02755559345184428,0.64418099157082,1.1,,random11,8,7.2
repair,bistable,4.0,0.0148,1.0,repair_random22_8,0.02,0.09061035156250001,,2.0,,case0426,66.37736849493331,0.059000000000000004,114.52057246120964,1.0215046382835882,58.51837888072518,58.51837888462829,1.0,1.0,0.02,5.845934847314993e-09,4.499396350994218e-09,0.003612049368043549,0.003797717784618372,2.0483884374190132e-15,11170,DOP853,1e-08,1e-10,0.027555593451843326,0.6444402721017365,1.1,,random22,8,7.2
repair,bistable,4.0,0.0148,1.0,repair_random33_8,0.02,0.09061035156250001,,2.0,,case0427,66.24411665561075,0.058,114.6064656972216,1.0207702686530855,58.518378880724235,58.51837888194971,1.0,1.0,0.02,1.9490964398016786e-09,1.5002413725732047e-09,0.0032079758568638946,0.003346931279163074,1.9215346740613496e-15,10840,DOP853,1e-08,1e-10,0.027555593451843483,0.6444590611337773,1.1,,random33,8,7.2
repair,bistable,4.0,0.0148,1.0,repair_directed_16,0.02,0.09061035156250001,,2.0,,case0428,65.61190439216486,0.06,114.54571142144577,1.0212880143887466,58.51837888071249,58.51837890364712,1.0,1.0,0.019,3.449742436156811e-08,2.6410968007190155e-08,0.002414632257104964,0.0024846303898451846,2.3462219379660714e-15,9373,DOP853,1e-08,1e-10,0.027555593451845068,0.6441410123964207,1.1,,directed,16,14.4
repair,bistable,4.0,0.0148,1.0,repair_random11_16,0.02,0.09061035156250001,,2.0,,case0429,66.03385248633252,0.06,114.49419191212242,1.0217317517806017,58.51837888070538,58.51837917676587,1.0,1.0,0.026000000000000002,6.784784012392464e-07,5.21949908219224e-07,0.004580129081528543,0.004904041107531832,1.8379310860899873e-15,11284,DOP853,1e-08,1e-10,0.027555593451844322,0.6445443855025991,1.1,,random11,16,14.4
repair,bistable,4.0,0.0148,1.0,repair_random22_16,0.02,0.09061035156250001,,2.0,,case0430,66.1610685093536,0.059000000000000004,114.55165216138555,1.0212386734208847,58.518378880737394,58.51837889020221,1.0,1.0,0.022,1.4211357091120647e-08,1.0922216584616904e-08,0.003689730276832364,0.003867428613920888,1.918705202528587e-15,9223,DOP853,1e-08,1e-10,0.02755559345184341,0.6444535389249255,1.1,,random22,16,14.4
repair,bistable,4.0,0.0148,1.0,repair_random33_16,0.02,0.09061035156250001,,2.0,,case0431,66.26319595026196,0.058,114.6086303971941,1.02075158203198,58.518378880727475,58.51837888384192,1.0,1.0,0.02,7.310119176651142e-09,5.608959243010138e-09,0.0030638723781586815,0.003172962659110525,1.855514143875992e-15,9211,DOP853,1e-08,1e-10,0.027555593451844926,0.6444839060952237,1.1,,random33,16,14.4
repair,excitable,4.0,0.0148,1.0,interface_10pct,0.02,0.11504882812499999,,2.0,,case0432,1.4879415478303502,0.063,0.1647341693767632,0.09525453170104328,-1.8667012380291226e-10,4.5113981994582275e-09,0.0,0.0,,4.5500560784395017e-11,7.199787099843036e-08,0.016941736654179383,0.017164028954107485,1.3815337762588819e-15,8356,DOP853,1e-08,1e-10,0.027096644487850093,0.9400106785225937,0.9,,none,0,0.0
repair,excitable,4.0,0.0148,1.0,original,0.02,0.11504882812499999,,2.0,,case0433,0.914260827601529,0.023,0.0234436088923796,0.02446139016059796,-1.1012024625500771e-11,1.4146323001895666e-10,0.019230769230769232,0.0,0.018000000000000002,1.3754405600585606e-12,6.259133211727885e-09,0.0019716595043549486,0.0020183861796165556,1.3461454173580023e-15,6592,DOP853,1e-08,1e-10,0.027464737291051155,0.9400106785225937,0.9,,full,32,28.8
repair,excitable,4.0,0.0148,1.0,repair_directed_4,0.02,0.11504882812499999,,2.0,,case0434,0.9138461098210025,0.023,0.023491294825949464,0.02452436113309212,-1.1032841307212493e-11,1.451408437880275e-10,0.019230769230769232,0.0,0.018000000000000002,1.48245131448288e-12,6.3354321788722245e-09,0.0019497422110809444,0.0019966787997700327,1.1649126871075836e-15,6589,DOP853,1e-08,1e-10,0.027463955894145048,0.9400106785225937,0.9,,directed,4,3.6
repair,excitable,4.0,0.0148,1.0,repair_random11_4,0.02,0.11504882812499999,,2.0,,case0435,60.87682056616847,0.076,5.969243503926854,0.11874601832191727,-5.364583777200949e-09,5.704721417476577e-09,1.0,0.0,0.031,5.755489401043645e-11,9.112866017346732e-08,0.0013477597475522263,0.005759138914826174,1.1501417061992065e-15,9379,DOP853,1e-08,1e-10,0.027036679303948947,0.9400106785225937,0.9,,random11,4,3.6
repair,excitable,4.0,0.0148,1.0,repair_random22_4,0.02,0.11504882812499999,,2.0,,case0436,61.66427149150845,0.07200000000000001,5.992468146274768,0.11688257954792396,-5.299059802066353e-09,5.584303852668171e-09,1.0,0.0,0.025,5.634930456271947e-11,8.928212502645749e-08,0.001872291079925075,0.005730561327581259,1.0097646091284823e-15,9181,DOP853,1e-08,1e-10,0.027022627453436057,0.9400106785225937,0.9,,random22,4,3.6
repair,excitable,4.0,0.0148,1.0,repair_random33_4,0.02,0.11504882812499999,,2.0,,case0437,60.99717534481749,0.069,6.0208704264583695,0.11324658688388148,-5.144440429205588e-09,5.422010063149685e-09,1.0,0.0,0.028,5.46565613948613e-11,8.658873396072408e-08,0.0013934860600151513,0.0047312497409428165,1.1586696034389583e-15,9028,DOP853,1e-08,1e-10,0.027023127912196472,0.9400106785225937,0.9,,random33,4,3.6
repair,excitable,4.0,0.0148,1.0,repair_directed_8,0.02,0.11504882812499999,,2.0,,case0438,0.9148995741243351,0.023,0.023442683013699152,0.024447811890904822,-1.0998146837692957e-11,1.4223344724229037e-10,0.019230769230769232,0.0,0.018000000000000002,1.533007661785879e-12,6.266319685366284e-09,0.0019687370193637813,0.002016629111823477,1.1071922689482371e-15,6592,DOP853,1e-08,1e-10,0.027464626400464726,0.9400106785225937,0.9,,directed,8,7.2
repair,excitable,4.0,0.0148,1.0,repair_random11_8,0.02,0.11504882812499999,,2.0,,case0439,60.250811205761266,0.074,5.974949527764338,0.11695838764040932,-5.26831356317814e-09,5.624847809748701e-09,1.0,0.0,0.031,5.6864094596237313e-11,9.011093204946974e-08,0.0015893421414935162,0.006759392694057739,1.0835003777713586e-15,9316,DOP853,1e-08,1e-10,0.027034865851970877,0.9400106785225937,0.9,,random11,8,7.2
repair,excitable,4.0,0.0148,1.0,repair_random22_8,0.02,0.11504882812499999,,2.0,,case0440,61.933923942813635,0.066,6.035649452945915,0.11149619372487397,-5.0710963206412885e-09,5.294771565633738e-09,1.0,0.0,0.025,5.3405110195248184e-11,8.451788269248084e-08,0.0016791608647137705,0.005046308553348528,1.1178276798081607e-15,8851,DOP853,1e-08,1e-10,0.027028393017059886,0.9400106785225937,0.9,,random22,8,7.2
repair,excitable,4.0,0.0148,1.0,repair_random33_8,0.02,0.11504882812499999,,2.0,,case0441,61.59880677291965,0.065,6.060134666758604,0.11053539166824101,-5.060410424029271e-09,5.294743810058122e-09,1.0,0.0,0.025,5.3456002645224654e-11,8.436594089999971e-08,0.0015473325715417666,0.004195284803927676,1.1114552424964523e-15,8512,DOP853,1e-08,1e-10,0.027022979777760518,0.9400106785225937,0.9,,random33,8,7.2
repair,excitable,4.0,0.0148,1.0,repair_directed_16,0.02,0.11504882812499999,,2.0,,case0442,0.9144712570676311,0.023,0.023448551135996448,0.024461591761861287,-1.1012024625500771e-11,1.4176854135072858e-10,0.019230769230769232,0.0,0.018000000000000002,1.4586313927533734e-12,6.25922313979288e-09,0.001972113075264661,0.002019011659605522,1.1242841636331883e-15,6592,DOP853,1e-08,1e-10,0.02746473352714586,0.9400106785225937,0.9,,directed,16,14.4
repair,excitable,4.0,0.0148,1.0,repair_random11_16,0.02,0.11504882812499999,,2.0,,case0443,60.877328933953656,0.066,6.036226892142801,0.1100415302899465,-4.989050839121489e-09,5.283988524507066e-09,1.0,0.0,0.028,5.3232667839714365e-11,8.446431443154268e-08,0.0014810317970379518,0.005700594684477281,1.2637560743694057e-15,8827,DOP853,1e-08,1e-10,0.02702843733206984,0.9400106785225937,0.9,,random11,16,14.4
repair,excitable,4.0,0.0148,1.0,repair_random22_16,0.02,0.11504882812499999,,2.0,,case0444,61.49922952142101,0.067,6.057368930434933,0.11156053882858688,-5.106214062688963e-09,5.3697532531593595e-09,1.0,0.0,0.028,5.4154066213979446e-11,8.575333332316859e-08,0.0016359854642776872,0.004685863095567931,1.3085757408211257e-15,8503,DOP853,1e-08,1e-10,0.02702243708704398,0.9400106785225937,0.9,,random22,16,14.4
repair,excitable,4.0,0.0148,1.0,repair_random33_16,0.02,0.11504882812499999,,2.0,,case0445,0.6962505486680787,0.024,0.020380931287728256,0.02617777167245305,-1.0151601781416275e-11,1.6784490464161195e-10,0.0,0.0,,1.652085586389962e-12,7.194912443608814e-09,0.001900535611127991,0.0019504422890715585,1.247557229823239e-15,6541,DOP853,1e-08,1e-10,0.027460933164788807,0.9400106785225937,0.9,,random33,16,14.4
repair,excitable,4.0,0.0148,1.0,interface_10pct,0.02,0.12783203124999998,,2.0,,case0446,1.4885081349062177,0.062,0.16485196194246904,0.09430832224099922,-1.8500478926597452e-10,4.468529712919889e-09,0.0,0.0,,4.50773424663653e-11,7.130844248415258e-08,0.01695303656433892,0.01717563345129668,1.2746748783074403e-15,8353,DOP853,1e-08,1e-10,0.027098579927993822,0.9400106785225937,1.0,,none,0,0.0
repair,excitable,4.0,0.0148,1.0,original,0.02,0.12783203124999998,,2.0,,case0447,61.060320526714435,0.07200000000000001,6.053813042657477,0.11582757574873918,-5.353086030002174e-09,5.696942917410297e-09,1.0,0.0,0.016,5.74876951597858e-11,9.086755348164388e-08,0.0016570760949308765,0.0032448348465428404,1.1796119636642288e-15,8494,DOP853,1e-08,1e-10,0.026998523157584223,0.9400106785225937,1.0,,full,32,28.8
repair,excitable,4.0,0.0148,1.0,repair_directed_4,0.02,0.12783203124999998,,2.0,,case0448,60.29739038597959,0.063,6.084301224002231,0.10767015652112852,-4.964903488335892e-09,5.319834850414651e-09,1.0,0.0,0.015,5.3670945725919905e-11,8.504505544237873e-08,0.0012773163118760438,0.0022672722943374527,1.1947501298801128e-15,8488,DOP853,1e-08,1e-10,0.0270250236135338,0.9400106785225937,1.0,,directed,4,3.6
repair,excitable,4.0,0.0148,1.0,repair_random11_4,0.02,0.12783203124999998,,2.0,,case0449,60.88051473758716,0.074,5.970495164104295,0.11765786701562185,-5.307643213825486e-09,5.642222800084085e-09,1.0,0.0,0.03,5.690011179240728e-11,9.012712687272995e-08,0.0013532130535310644,0.005740359798894752,1.0411172308377738e-15,9268,DOP853,1e-08,1e-10,0.027038302442596446,0.9400106785225937,1.0,,random11,4,3.6
repair,excitable,4.0,0.0148,1.0,repair_random22_4,0.02,0.12783203124999998,,2.0,,case0450,61.95807110954538,0.068,6.016336126616782,0.11290244903820126,-5.1212020735214026e-09,5.356465271333377e-09,1.0,0.0,0.019,5.400917343564848e-11,8.551707675330533e-08,0.001677203392409827,0.005086231219833695,9.521717884368945e-16,9013,DOP853,1e-08,1e-10,0.027027681889596433,0.9400106785225937,1.0,,random22,4,3.6
repair,excitable,4.0,0.0148,1.0,repair_random33_4,0.02,0.12783203124999998,,2.0,,case0451,61.013604790406106,0.067,6.025610264110464,0.11137435221672294,-5.054220930666986e-09,5.323283480684893e-09,1.0,0.0,0.026000000000000002,5.371412949845e-11,8.50343018221622e-08,0.0013825462554204894,0.004636030506740937,1.0483392706202183e-15,8989,DOP853,1e-08,1e-10,0.027026897310937575,0.9400106785225937,1.0,,random33,4,3.6
repair,excitable,4.0,0.0148,1.0,repair_directed_8,0.02,0.12783203124999998,,2.0,,case0452,60.41507077013984,0.068,6.066730585513578,0.11224963785553704,-5.180002260463112e-09,5.557811155743053e-09,1.0,0.0,0.016,5.6064517178072704e-11,8.886799629514996e-08,0.0014498700880596254,0.0027061798188379557,9.878433867685e-16,8506,DOP853,1e-08,1e-10,0.027010493896284907,0.9400106785225937,1.0,,directed,8,7.2
repair,excitable,4.0,0.0148,1.0,repair_random11_8,0.02,0.12783203124999998,,2.0,,case0453,60.264241991050305,0.073,5.976177404807814,0.11588857186897503,-5.21341997350433e-09,5.56506923876654e-09,1.0,0.0,0.03,5.6176873049207376e-11,8.915380100837922e-08,0.001595076214490728,0.0067391434076707725,1.0453403008654771e-15,9241,DOP853,1e-08,1e-10,0.02703666444822328,0.9400106785225937,1.0,,random11,8,7.2
repair,excitable,4.0,0.0148,1.0,repair_random22_8,0.02,0.12783203124999998,,2.0,,case0454,61.93728308173961,0.064,6.04637232111246,0.10898370497354214,-4.958158883461294e-09,5.164070560059741e-09,1.0,0.0,0.019,5.2113684461535525e-11,8.240855775554223e-08,0.0015738222038798493,0.004706906455498311,8.63226348776051e-16,8761,DOP853,1e-08,1e-10,0.027032294380250184,0.9400106785225937,1.0,,random22,8,7.2
repair,excitable,4.0,0.0148,1.0,repair_random33_8,0.02,0.12783203124999998,,2.0,,case0455,61.53771214898495,0.062,6.074009312120916,0.10677934012705488,-4.890601812412854e-09,5.119099588668519e-09,1.0,0.0,0.02,5.175045504970943e-11,8.157063913216689e-08,0.0013846100770851014,0.0037114243685175603,1.2112435620464934e-15,8530,DOP853,1e-08,1e-10,0.027030684764729276,0.9400106785225937,1.0,,random33,8,7.2
repair,excitable,4.0,0.0148,1.0,repair_directed_16,0.02,0.12783203124999998,,2.0,,case0456,60.6181306637032,0.07200000000000001,6.052826818254112,0.11585290501476991,-5.354175436345088e-09,5.737306463249325e-09,1.0,0.0,0.016,5.7873681975212365e-11,9.172297810167152e-08,0.0016062958075540195,0.003123347531384679,1.048650362043594e-15,8626,DOP853,1e-08,1e-10,0.026998899183907632,0.9400106785225937,1.0,,directed,16,14.4
repair,excitable,4.0,0.0148,1.0,repair_random11_16,0.02,0.12783203124999998,,2.0,,case0457,60.88725137533118,0.064,6.038392474527284,0.10875582432372308,-4.9278012226317e-09,5.218200871404122e-09,1.0,0.0,0.027,5.276184220429081e-11,8.340350965418963e-08,0.0014872461413016987,0.005654653804463547,1.1950610238521845e-15,8911,DOP853,1e-08,1e-10,0.027031101241718418,0.9400106785225937,1.0,,random11,16,14.4
repair,excitable,4.0,0.0148,1.0,repair_random22_16,0.02,0.12783203124999998,,2.0,,case0458,61.60339541322857,0.063,6.066433650828014,0.10799570375182627,-4.937973641094828e-09,5.186247264976629e-09,1.0,0.0,0.021,5.232581945860404e-11,8.27997714836215e-08,0.001581177731113835,0.0044093926468027,1.090000582848048e-15,8581,DOP853,1e-08,1e-10,0.027029999282135123,0.9400106785225937,1.0,,random22,16,14.4
repair,excitable,4.0,0.0148,1.0,repair_random33_16,0.02,0.12783203124999998,,2.0,,case0459,61.676149206791045,0.062,6.080105928596321,0.10773151629371891,-4.948708109964173e-09,5.1787185650908896e-09,1.0,0.0,0.019,5.2241663685975714e-11,8.25899015843845e-08,0.0013472639991486874,0.003479752899803604,1.4147841101989339e-15,8431,DOP853,1e-08,1e-10,0.027025501752386424,0.9400106785225937,1.0,,random33,16,14.4
repair,excitable,4.0,0.0148,1.0,interface_10pct,0.02,0.14061523437499998,,2.0,,case0460,1.4889274341462546,0.061,0.16495876962221945,0.09353075277071805,-1.8365170495471261e-10,4.433717282203986e-09,0.0,0.0,,4.475513926474606e-11,7.074899222025977e-08,0.01696352888022991,0.017186386778251392,1.2344292250811659e-15,8362,DOP853,1e-08,1e-10,0.027100166130491658,0.9400106785225937,1.1,,none,0,0.0
repair,excitable,4.0,0.0148,1.0,original,0.02,0.14061523437499998,,2.0,,case0461,61.19019674881538,0.057,6.102236325949436,0.10250739580905205,-4.729459879282416e-09,5.001478398103387e-09,1.0,0.0,0.014,5.0454768401458905e-11,7.965597959014303e-08,0.0013211824344840023,0.0025743148193608316,1.0061396160665481e-15,8419,DOP853,1e-08,1e-10,0.027037373226685785,0.9400106785225937,1.1,,full,32,28.8
repair,excitable,4.0,0.0148,1.0,repair_directed_4,0.02,0.14061523437499998,,2.0,,case0462,60.354642035261854,0.058,6.099113541953605,0.10275728431037602,-4.739847403456565e-09,5.0661558281817065e-09,1.0,0.0,0.014,5.11079026321859e-11,8.095107584260575e-08,0.001187133439488386,0.00208389910127253,1.400141967800451e-15,8452,DOP853,1e-08,1e-10,0.027038597927952424,0.9400106785225937,1.1,,directed,4,3.6
repair,excitable,4.0,0.0148,1.0,repair_random11_4,0.02,0.14061523437499998,,2.0,,case0463,60.89241102987402,0.074,5.971641185107108,0.11675657793000886,-5.261020785685133e-09,5.5910692742244805e-09,1.0,0.0,0.029,5.636633737884922e-11,8.930432282561185e-08,0.0013582896928846803,0.005723620787363377,9.509116098058677e-16,9406,DOP853,1e-08,1e-10,0.027039699548444183,0.9400106785225937,1.1,,random11,4,3.6
repair,excitable,4.0,0.0148,1.0,repair_random22_4,0.02,0.14061523437499998,,2.0,,case0464,61.73810155885061,0.063,6.05162596354765,0.10800895644986802,-4.9196341445068015e-09,5.158241889180459e-09,1.0,0.0,0.017,5.2039026299938174e-11,8.24224200002277e-08,0.0013301519527285038,0.0040572662758831006,9.787510274014845e-16,8785,DOP853,1e-08,1e-10,0.02703472316628998,0.9400106785225937,1.1,,random22,4,3.6
repair,excitable,4.0,0.0148,1.0,repair_random33_4,0.02,0.14061523437499998,,2.0,,case0465,61.01666622155461,0.066,6.029932599382786,0.10985239406217782,-4.982736445668934e-09,5.2445478515572574e-09,1.0,0.0,0.025,5.287496785896795e-11,8.380624305637241e-08,0.0013685926876531,0.004544295476027686,1.0878909668495966e-15,9103,DOP853,1e-08,1e-10,0.027029994692737532,0.9400106785225937,1.1,,random33,4,3.6
repair,excitable,4.0,0.0148,1.0,repair_directed_8,0.02,0.14061523437499998,,2.0,,case0466,60.50048548301998,0.058,6.099655429870802,0.10274746385923819,-4.739840464562661e-09,5.059896945880382e-09,1.0,0.0,0.014,5.1043338392814386e-11,8.082069347103982e-08,0.0012311097740388903,0.002256057506863705,9.351076994619597e-16,8413,DOP853,1e-08,1e-10,0.027038056246899804,0.9400106785225937,1.1,,directed,8,7.2
repair,excitable,4.0,0.0148,1.0,repair_random11_8,0.02,0.14061523437499998,,2.0,,case0467,60.272300340753034,0.07200000000000001,5.977311212265788,0.1150043436302457,-5.168580841097281e-09,5.516406775818439e-09,1.0,0.0,0.029,5.5633590182596615e-11,8.837083176338467e-08,0.0016001538957211845,0.006719219826693569,9.752536332219576e-16,9319,DOP853,1e-08,1e-10,0.02703817572298534,0.9400106785225937,1.1,,random11,8,7.2
repair,excitable,4.0,0.0148,1.0,repair_random22_8,0.02,0.14061523437499998,,2.0,,case0468,61.781476418608,0.06,6.06543730910451,0.10590869547356295,-4.831628153123546e-09,5.063297003893297e-09,1.0,0.0,0.017,5.103160732530809e-11,8.082164049127982e-08,0.0013355761765038983,0.00404156940619782,1.103945663453055e-15,8596,DOP853,1e-08,1e-10,0.027037286547472825,0.9400106785225937,1.1,,random22,8,7.2
repair,excitable,4.0,0.0148,1.0,repair_random33_8,0.02,0.14061523437499998,,2.0,,case0469,61.50379192453749,0.059000000000000004,6.085193365000908,0.10398869089562879,-4.769164230200573e-09,4.9949488989398105e-09,1.0,0.0,0.017,5.036492056742503e-11,7.959261805190465e-08,0.0012470103547383318,0.0033149538058243953,1.1045163633622426e-15,8383,DOP853,1e-08,1e-10,0.027036391690942182,0.9400106785225937,1.1,,random33,8,7.2
repair,excitable,4.0,0.0148,1.0,repair_directed_16,0.02,0.14061523437499998,,2.0,,case0470,60.73316206654263,0.057,6.101114788267497,0.1025733398452115,-4.732159109011036e-09,5.036297767713194e-09,1.0,0.0,0.014,5.0806017379279034e-11,8.03905242374725e-08,0.001269664726636951,0.0024347717004767244,8.939150562145234e-16,8398,DOP853,1e-08,1e-10,0.027037574989349732,0.9400106785225937,1.1,,directed,16,14.4
repair,excitable,4.0,0.0148,1.0,repair_random11_16,0.02,0.14061523437499998,,2.0,,case0471,60.899808396756114,0.063,6.040322251855104,0.10769601729158067,-4.87802159776507e-09,5.1645077103756876e-09,1.0,0.0,0.025,5.2042582483063926e-11,8.253815630965278e-08,0.0014910108121015766,0.0056128297281999315,1.2276738307012995e-15,8932,DOP853,1e-08,1e-10,0.02703333557514468,0.9400106785225937,1.1,,random11,16,14.4
repair,excitable,4.0,0.0148,1.0,repair_random22_16,0.02,0.14061523437499998,,2.0,,case0472,61.48610866143517,0.06,6.0763196726956785,0.10526262349570971,-4.81696627030459e-09,5.068813424546903e-09,1.0,0.0,0.019,5.118561824390966e-11,8.092382541846632e-08,0.0014538359792809136,0.004012308059270916,1.140655224354109e-15,8437,DOP853,1e-08,1e-10,0.02703558881508922,0.9400106785225937,1.1,,random22,16,14.4
repair,excitable,4.0,0.0148,1.0,repair_random33_16,0.02,0.14061523437499998,,2.0,,case0473,61.52417189569666,0.059000000000000004,6.0914056475772895,0.10417254675470737,-4.788724972115688e-09,5.023322036112887e-09,1.0,0.0,0.016,5.069336877355779e-11,8.00907995479605e-08,0.0012315283823022692,0.003084319853844231,1.3322117299251624e-15,8392,DOP853,1e-08,1e-10,0.027033792748441532,0.9400106785225937,1.1,,random33,16,14.4
no_stimulus,kv,0.0,0.0148,1.0,original,0.02,0.0,0.2,2.0,,case0474,1.942890293094024e-13,0.099,3.9582920274838765e-14,0.9861646068892977,6.938893903907228e-15,1.6028844918025698e-12,0.0,0.0,,1.4628923072912414e-12,2.1238641476148475e-13,-1.1698281232595768e-16,1.5646678397374106e-14,2.248201624865942e-15,6048,DOP853,1e-08,1e-10,0.026572230891318473,0.026572230891324027,,,,,
no_stimulus,kv,0.0,0.0148,1.0,interface_10pct,0.02,0.0,0.2,2.0,,case0475,1.734723475976807e-13,1.159,3.5839387013680835e-14,1.0455241045498551,2.7755575615628914e-14,1.547373340571312e-12,0.0,0.0,,1.4121299615754701e-12,2.020718427421632e-13,4.624453404151732e-18,1.2695400923658126e-14,1.7728873924482974e-15,6048,DOP853,1e-08,1e-10,0.026572230891318355,0.026572230891324124,,,,,
no_stimulus,kv,0.0,0.0148,1.0,cut,0.02,0.0,0.2,2.0,,case0476,1.5959455978986625e-13,0.779,3.6023267702134376e-14,1.023004526630068,3.469446951953614e-14,1.4224732503009818e-12,0.0,0.0,,1.3593076317319763e-12,1.8894420562666305e-13,-5.416500581390506e-17,1.3971004908519548e-14,2.060851489460447e-15,6048,DOP853,1e-08,1e-10,0.02657223089131808,0.026572230891324374,,,,,
no_stimulus,bistable,4.0,0.0148,1.0,original,0.02,0.0,0.2,2.0,,case0477,1.3183898417423734e-13,0.164,2.900110707138026e-14,0.9664299557363322,6.938893903907228e-15,1.2836953722228372e-12,0.0,0.0,,1.1250223842795837e-12,1.7417561387172535e-13,2.793598685712466e-17,1.304690383507889e-14,2.706168622523819e-15,6048,DOP853,1e-08,1e-10,0.027555593451841904,0.027555593451848027,,,,,
no_stimulus,bistable,4.0,0.0148,1.0,interface_10pct,0.02,0.0,0.2,2.0,,case0478,1.3183898417423734e-13,0.34400000000000003,3.008010507343783e-14,0.9601040369088812,-1.3877787807814457e-14,1.2004286453759505e-12,0.0,0.0,,1.0517628434847381e-12,1.664396848572342e-13,6.336500856806847e-17,1.1872173710807717e-14,2.42861286636753e-15,6048,DOP853,1e-08,1e-10,0.027555593451842202,0.027555593451848,,,,,
no_stimulus,bistable,4.0,0.0148,1.0,cut,0.02,0.0,0.2,2.0,,case0479,1.6653345369377348e-13,1.6540000000000001,3.092665012971452e-14,1.0010017949293246,0.0,1.429412144204889e-12,0.0,0.0,,1.20569786793423e-12,1.9714897882385063e-13,-3.4122010772471835e-17,1.2778431091042814e-14,2.3175905639050143e-15,6048,DOP853,1e-08,1e-10,0.027555593451842393,0.027555593451847712,,,,,
never_restore,bistable,4.0,0.0148,1.0,interface_10pct,0.02,0.09061035156250001,,2.0,,case0480,1.756090186553358,0.068,3.3158838365078784,1.0168218824228836,1.6863323334390667,58.51837881406231,0.0,0.0,,2.890018224732671e-08,2.2257623672067445e-08,0.32960578128521467,0.32960578128521467,2.42861286636753e-15,10768,DOP853,1e-08,1e-10,0.02755559345184428,0.6432682652429501,1.1,,,,
never_restore,bistable,4.0,0.0148,1.0,cut,0.02,0.09061035156250001,,2.0,,case0481,8.326672684688674e-14,0.46900000000000003,4.803449304979779e-14,0.9423331166486095,7.632783294297951e-14,58.518378882535636,0.0,0.0,,2.7108704170331066e-09,2.0878044038352993e-09,4.623731952868579e-17,1.9980198051605673e-16,2.2898349882893854e-15,10876,DOP853,1e-08,1e-10,0.027555593451842858,0.6443344686770978,1.1,,,,
no_stimulus,excitable,4.0,0.0148,1.0,original,0.02,0.0,0.2,2.0,,case0482,-6.938893903907228e-15,0.0,0.0,,-1.4224732503009818e-12,2.9351521213527576e-12,0.0,0.0,,1.2961962232715951e-12,2.1538326677728037e-13,7.389922007664289e-18,1.4474484111293147e-14,9.71445146547012e-16,6021,DOP853,1e-08,1e-10,0.02748783582317111,0.9400106785226167,,,,,
no_stimulus,excitable,4.0,0.0148,1.0,interface_10pct,0.02,0.0,0.2,2.0,,case0483,-6.938893903907228e-15,0.0,0.0,,-1.4432899320127035e-12,2.5673907444456745e-12,0.0,0.0,,1.2409561225834587e-12,2.1094237467877974e-13,1.9640623600514755e-18,1.255114198012564e-14,1.1102230246251565e-15,6021,DOP853,1e-08,1e-10,0.02748783582317096,0.9400106785226167,,,,,
no_stimulus,excitable,4.0,0.0148,1.0,cut,0.02,0.0,0.2,2.0,,case0484,-6.938893903907228e-15,0.0,0.0,,-1.4502288259166107e-12,2.7269853042355408e-12,0.0,0.0,,1.2488382723774283e-12,1.8540724511240114e-13,-4.045375145983863e-18,1.2559335516026943e-14,1.124100812432971e-15,6021,DOP853,1e-08,1e-10,0.02748783582317107,0.9400106785226167,,,,,
never_restore,excitable,4.0,0.0148,1.0,interface_10pct,0.02,0.14061523437499998,,2.0,,case0485,1.4889274341462546,0.061,0.16495876962221945,0.09353075277071805,-1.8365170495471261e-10,4.433717282203986e-09,0.0,0.0,,4.475513926474606e-11,7.074899222025977e-08,0.01696352888022991,0.017186386778251392,1.2344292250811659e-15,8362,DOP853,1e-08,1e-10,0.027100166130491658,0.9400106785225937,1.1,,,,
never_restore,excitable,4.0,0.0148,1.0,cut,0.02,0.14061523437499998,,2.0,,case0486,-6.938893903907228e-15,0.0,0.0,,-1.4432899320127035e-12,4.545155918300736e-09,0.0,0.0,,4.5847657267894526e-11,7.238489252436864e-08,-1.7302131949392665e-17,1.5395323904598966e-16,1.7832957333041577e-15,8380,DOP853,1e-08,1e-10,0.027063059364255352,0.9400106785226164,1.1,,,,
